X_mm;Y_mm;Z_mm
5.028896394973124018e+01;7.596320971006092293e+01;1.024131783184318634e+00
6.135618062121822902e+01;7.589730631132670169e+01;1.432788562682652200e+00
2.069565774006494507e+02;7.386449480009787294e+01;1.036124304516252703e+00
7.479418083978228537e+01;7.586338933486699432e+01;1.150483868090497408e+00
7.185427910409813990e+01;7.593475236618368740e+01;2.089577748734650076e+00
1.308407690439244675e+02;7.465215396357108091e+01;2.375933019959645343e+00
2.354376399318052506e+02;7.256547759675156328e+01;1.415474683687244717e+00
2.484611731025894343e+01;7.635524940025877072e+01;1.235185596450812939e-01
1.031451074839786912e+02;7.575879426089115043e+01;3.796930167708529424e+00
7.394705560136826250e+01;7.596677672370488210e+01;2.958250257231728853e+00
1.325348146527107360e+02;7.486935626512716624e+01;3.415476543101670703e+00
4.636867645951053163e+01;7.631757506431659976e+01;9.691484532889345083e-01
2.337810269517189283e+02;7.332306512937454102e+01;5.458769420548663653e-01
6.735782562573089649e+01;7.580556057527783764e+01;1.534260859447653891e+00
1.593827363625327962e+02;7.454046825059639048e+01;2.523315308815905045e+00
1.258176377512697428e+02;7.501450295596923468e+01;2.041882366075543409e+00
4.540511441682107119e+01;7.635868101607869107e+01;1.089973967107991992e+00
9.334056405243364907e+01;7.534250151192006228e+01;4.359196941411316306e-01
8.276559575293012472e+01;7.546336322336965452e+01;9.424232325534059873e-02
2.138312892276508705e+02;7.396250622296113875e+01;3.734142350028486490e+00
2.099758532083693296e+02;7.343971613622747441e+01;1.031902595119341459e+00
4.489122926703498706e+01;7.641847073480258246e+01;1.513634927182324175e+00
2.018664420955602452e+02;7.392023776590441742e+01;4.931896687440859850e+00
8.983455494706441868e+01;7.532971083527895928e+01;9.501754572872598281e-01
1.058568261395496677e+02;7.516438417838270425e+01;3.296485096770489953e+00
1.974825333682346411e+02;7.360412898758868039e+01;2.630350816006527537e-01
4.539928717226838017e+01;7.639483790923088691e+01;1.420042974132325497e+00
1.066723300399737440e+02;7.483298718895788681e+01;2.537080117705187710e-01
2.428013343212004429e+02;7.301634543561553414e+01;1.196065539734195576e-01
2.243741318802223645e+02;7.280291475729401895e+01;1.153880520301535206e+00
1.977487604662594549e+02;7.471452271768305309e+01;4.356435680737490657e+00
9.082177803034063857e+01;7.541931812272530067e+01;4.708435490945470092e-01
7.686752584810052724e+01;7.545411182412688333e+01;7.646739224696061377e-02
2.275075524054552432e+02;7.252014245496970091e+01;1.022561941825260057e+00
4.588039684274406937e+01;7.633349783773817876e+01;1.097039938075146548e+00
8.179916684355197276e+01;7.590111452259408509e+01;3.357209729101424678e+00
2.343186087892672731e+02;7.339700477883444307e+01;4.968077128840926449e+00
2.033301573782146079e+02;7.445728094060196156e+01;4.950506757546270897e+00
2.383216871876439029e+02;7.293596403290736419e+01;4.601446688376870653e-01
1.633891805919293461e+02;7.477766905047249679e+01;2.118569864708934603e+00
2.203425795207508600e+02;7.364624913330415268e+01;5.421261274507333638e+00
2.423165846595977655e+02;7.296107482218197049e+01;5.195819166602447803e-01
1.303159549862571396e+02;7.541122231024277767e+01;3.309409929075107559e+00
1.918518878615201686e+02;7.452587324122430346e+01;4.559521628102096713e+00
2.303912286540876835e+02;7.394413189364055938e+01;4.863947342789038508e+00
2.475393559829401013e+01;7.643435418190782116e+01;5.424479838553196709e-01
2.024335689596562915e+01;7.618324685096057181e+01;-1.615521204240305889e-02
2.343777235818185432e+02;7.247482000563083204e+01;7.126791578073631284e-01
2.198937609191516174e+02;7.355155935404317802e+01;1.007641899512980777e+00
2.089852477932796759e+01;7.645466556569147087e+01;4.581779274767548427e-01
2.207672383996614656e+02;7.405242439850030678e+01;4.965621704960786253e+00
4.644390538864638529e+01;7.626994777060416197e+01;7.287232957634464103e-01
7.391578867888502202e+01;7.601471212468317162e+01;2.484958269362750549e+00
4.991719478885059402e+01;7.591084754454512051e+01;2.047971472277086979e-01
6.874583182475461740e+01;7.601386922233342602e+01;2.133355892087899441e+00
4.685880896273511098e+01;7.625827342231855255e+01;7.197655231343613735e-01
1.228619763209447484e+02;7.456389099519728347e+01;1.028994956300713914e+00
1.363407961584748307e+02;7.437708438528770216e+01;1.087458114569897161e+00
1.973754788366044011e+02;7.331100476319711845e+01;1.505227386055185690e+00
7.382480139195315871e+01;7.592458168547901209e+01;1.130546376184603297e+00
2.298267491954867410e+02;7.260377423423204846e+01;1.112658304955094435e+00
1.133727413716502781e+02;7.536956685074702023e+01;3.166482493058947245e+00
9.636695325475268703e+01;7.587714839130030953e+01;3.470992273018525420e+00
4.690295605933334855e+01;7.600809095492903111e+01;6.699347922560091595e-01
7.782972205570131052e+01;7.545893443873643491e+01;4.951199665478197565e-01
4.886340451896400339e+01;7.609005449584715564e+01;5.846938314078465870e-01
2.056590088945608841e+02;7.419780977257120469e+01;4.783594021876780289e+00
1.203476240378844011e+02;7.550263332555229567e+01;3.055728738543247225e+00
1.910122777041525239e+02;7.475131914104427722e+01;4.528438812616034426e+00
4.734851301125604550e+01;7.629008142144829208e+01;9.594368815011712348e-01
2.473779063540151526e+02;7.286073676546693889e+01;3.495557390294437905e+00
2.274367962372496947e+02;7.302114437569227334e+01;5.306360923164077370e-01
4.786321872975884872e+01;7.627179253521170210e+01;9.417344591173945068e-01
5.985051845900120071e+01;7.595758756248353905e+01;1.003777638883735390e+00
2.443232460889503272e+02;7.349517926119068534e+01;4.668322404059258801e+00
4.835541408395402385e+01;7.626802472105336506e+01;9.578869137236958320e-01
1.014879387954821226e+02;7.591134173328474333e+01;3.112783407034418470e+00
2.077931042307492859e+01;7.617400408710467730e+01;1.024794100021942045e+00
1.349233926801115331e+02;7.456150431033185555e+01;2.374951510476729144e+00
1.048730417771089520e+02;7.528099839967455864e+01;5.855259195764814795e-01
1.958476311869332847e+02;7.445615687302232288e+01;4.908418797048105020e+00
1.043644205054565930e+02;7.550567789668119190e+01;3.501919177317782239e+00
1.240445810027532474e+02;7.435862799817664381e+01;5.760949936526401638e-01
7.079768202306649982e+01;7.561581375889350909e+01;1.555911699091353517e+00
6.336336279637584568e+01;7.591867666902439282e+01;1.052579178837825591e+00
1.223306237550435611e+02;7.499346618944601062e+01;5.670085043348681575e-01
4.887451777664294639e+01;7.596588202972618831e+01;9.941684989201550193e-01
7.789174405570678061e+01;7.551869578667164262e+01;1.073580559727423500e+00
2.274839308454519085e+02;7.388808489697683513e+01;4.549431610308086071e+00
2.128431676446246570e+02;7.291938352116633837e+01;1.090039185998728621e+00
2.214421441464930922e+02;7.398741610244753986e+01;4.617629146237024251e+00
1.932457310913232504e+02;7.477033219593748470e+01;4.175564753825818265e+00
1.788358890806202339e+01;7.634322588408373633e+01;-4.586790213845029496e-02
1.910162606190111205e+02;7.478727195601584299e+01;4.874248783542030949e+00
1.248644432214415758e+02;7.535582678454247230e+01;1.963402690147868723e+00
1.623649174678087661e+02;7.408659710502932683e+01;2.589269140711613737e+00
7.240350491988539261e+01;7.591469553891118949e+01;1.164715985066675952e+00
7.931917624145926027e+01;7.572898206289534073e+01;4.185714073872134344e-01
2.168569523807805979e+02;7.440404485396824441e+01;4.460032901798974159e+00
4.784245582201383229e+01;7.597647529769142238e+01;7.036966026485961256e-01
2.343238688134864560e+02;7.380701702142586385e+01;4.022396514100308629e+00
7.339192082381310911e+01;7.585805822578711854e+01;2.954849578648744757e+00
5.686196755280299442e+01;7.595820252504188375e+01;1.071744646090841524e+00
7.834633127643014916e+01;7.573624629951910947e+01;5.593956887723634530e-01
1.254092978993487151e+02;7.496511193920868266e+01;1.945626267932797804e+00
2.413265167469631649e+02;7.329313617681279425e+01;4.513695273291223886e-01
2.240561388449324909e+01;7.618111831358783093e+01;1.187980519260384060e+00
2.154832384471082207e+02;7.423124365755666076e+01;4.946266483697836058e+00
2.078498728796216710e+02;7.393221201672737664e+01;4.609753083070333268e+00
4.937772177373972227e+01;7.610941576365588901e+01;5.876603961406517973e-01
2.239158873677905035e+02;7.276992667535675707e+01;1.451717414812832452e+00
6.937372860875755975e+01;7.564729529019435006e+01;2.119456280030560080e+00
9.529438836443659966e+01;7.506107990320131762e+01;1.006050297788397829e+00
1.248471342464303007e+02;7.500059028972736996e+01;9.973173220256388305e-01
4.987312432662001527e+01;7.607455439122777818e+01;5.991271970633939015e-01
1.038179168025221912e+02;7.552254276046211601e+01;3.177225330811729087e+00
2.013652438656114327e+02;7.465979364913519589e+01;4.199034081633048032e+00
1.153351742065950560e+02;7.458919226054020157e+01;6.282245942795452454e-01
1.337712743488442300e+02;7.517321513633507379e+01;2.687185358240770316e+00
1.169464062478152186e+02;7.525580191969876864e+01;6.631692718537097742e-01
7.633883653900382171e+01;7.541961831184612208e+01;4.388605494317410760e-01
5.653793614326497163e+01;7.590536770956758517e+01;9.902396147941878723e-01
1.219941221085815357e+02;7.493805487498069340e+01;1.020030512749575236e+00
1.939158966836528748e+02;7.381846403123948619e+01;9.969335968863740627e-01
2.439631246006264291e+02;7.386510603699069577e+01;4.839692180845243108e+00
7.898375540571664999e+01;7.517676326361480221e+01;1.495898894269671042e-01
1.359087544817380149e+02;7.460288744785719928e+01;2.357104679299653505e+00
1.368985551126113478e+02;7.488154645079829663e+01;7.648260122008845308e-01
7.882835215624011482e+01;7.587031582511930594e+01;1.477339903664918852e+00
7.536434850919665962e+01;7.583073719038030447e+01;1.082360641678330238e+00
8.216100227903289976e+01;7.569965370731685539e+01;1.942721778754147088e+00
1.388346760839436058e+02;7.461415574944668094e+01;3.144779169022574816e+00
1.173781746155137995e+02;7.542492534568276596e+01;3.876988410722006950e+00
1.353668100488467871e+02;7.533364873347352386e+01;2.921136899850344637e+00
2.424824248071780062e+02;7.243222430363758235e+01;1.368067740799603582e+00
7.180161080705681798e+01;7.596710586089984929e+01;1.186437097790387529e+00
1.583561353475409987e+02;7.408670517289831992e+01;2.021664951289517287e+00
5.835757315711797588e+01;7.600542899101361627e+01;7.172600514165213825e-01
1.063443386403097861e+02;7.485046020909435072e+01;9.307139398201409453e-01
4.788602116407871989e+01;7.607771531561454026e+01;1.409921830070200333e+00
1.603889721064162757e+02;7.478264647984727276e+01;2.490662958283938799e+00
2.003238963833198341e+02;7.447792763182701492e+01;4.929720977822339201e+00
6.632392143136122797e+01;7.592933024977917000e+01;1.100424281156357820e+00
5.888047830781728464e+01;7.594541607923805770e+01;9.798406523022176184e-01
1.962736413451457054e+02;7.471833797772406172e+01;4.295290468907640324e+00
2.003519098513469885e+02;7.383127470299123729e+01;1.462945467367775088e+00
2.033305673802071283e+02;7.453179048572268073e+01;4.162002102462476927e+00
1.979281780534722657e+02;7.361333170852647356e+01;6.421249221196924095e-01
6.089308998752303381e+01;7.596870202135487204e+01;1.018404258388901917e+00
9.338207263308808592e+01;7.587765046222796173e+01;3.461805808566320586e+00
5.937057058960458278e+01;7.595894389839764926e+01;9.809736754547561111e-01
1.211235797187131169e+02;7.522014151342243338e+01;7.246904818835591122e-01
1.069135255675833633e+02;7.560485122865323149e+01;2.726589613345096641e+00
2.379144448549900801e+02;7.304779687420808898e+01;4.758993215054760362e-01
6.036105731138196973e+01;7.596178489063328243e+01;1.018231431301767076e+00
1.394088992355826804e+02;7.481697663382921348e+01;1.098312365332539731e+00
1.324580141796848238e+02;7.533353605096449712e+01;2.618930682111654473e+00
7.533608889466162850e+01;7.601389836483559748e+01;2.466177672520297737e+00
6.039847066750097326e+01;7.587806433491239488e+01;1.430965688672041436e+00
2.199046456173970228e+02;7.374126507791173424e+01;9.303085814543563536e-01
1.163645936244042218e+02;7.463660323253894546e+01;9.820389850595563352e-01
5.936135713956159776e+01;7.590158607566216631e+01;1.401241598443887515e+00
2.409158242389021893e+02;7.300470028435933045e+01;1.478695089577127253e-01
1.138864305552849174e+02;7.490994326406845971e+01;9.812202652621165866e-01
1.938791004174362342e+02;7.335156618184544186e+01;1.377038531426748147e+00
6.487019279327429899e+01;7.592718807421283600e+01;1.091990609147717395e+00
1.324039174378098096e+02;7.489135702762193603e+01;1.082510591179506765e+00
6.835397170263743760e+01;7.602568303963077767e+01;2.861023007295636411e+00
1.379053703705912426e+02;7.464229373685729740e+01;3.457490861610090782e+00
1.328756978715145749e+02;7.492014772890814811e+01;3.039824706598870829e+00
1.234554364178708852e+02;7.547016779569946721e+01;2.691425042316542893e+00
2.443470679167397464e+02;7.292364804271912249e+01;5.972340762638037592e-01
6.137246836126073646e+01;7.594849281283330811e+01;1.035765665539858826e+00
1.252842553095410523e+02;7.467384501003246555e+01;9.979022169060939307e-01
1.161791802422697941e+02;7.468718599588240181e+01;1.896981517804726014e+00
6.185649344376571435e+01;7.595284515416318527e+01;1.033898164184313240e+00
1.396304546815813410e+02;7.468916848274957943e+01;3.495170933020414594e+00
7.586038515454916364e+01;7.606918179640929623e+01;2.535916500164220988e+00
5.929277134190738252e+01;7.596448256455117587e+01;6.994518931264505079e-01
6.234996464424187224e+01;7.594919702742058121e+01;1.051911083879492725e+00
5.786469049944325604e+01;7.588712754795923843e+01;1.383740861163058611e+00
2.361897631130453021e+02;7.285136469508704238e+01;2.153485004761162447e+00
8.137215684681279981e+01;7.509182053331673501e+01;1.513941106133253334e-01
6.929265153332407579e+01;7.577207591906889661e+01;3.412111296020578499e-01
7.215007529563743560e+01;7.590805020407263726e+01;3.765053679639869810e-01
2.121564809529376134e+02;7.423797008686406684e+01;4.840285382721026153e+00
6.351999363007485044e+01;7.620560135671513535e+01;2.026495659507404401e+00
8.941170144516280516e+01;7.601056690168798013e+01;3.389459863599870282e+00
1.197744603278923847e+02;7.488957088666835205e+01;1.894700048991094565e+00
6.416004648319332659e+01;7.619676260286198044e+01;2.075707350904281157e+00
1.033287228947639136e+02;7.533525103942953649e+01;5.225393168734360216e-01
1.914276481797682834e+02;7.400258617267354566e+01;6.978259108885840334e-01
2.308894038553970347e+02;7.404161575241046478e+01;4.104980307233904391e+00
1.203630541258050215e+02;7.500812095067300334e+01;1.003825512126521602e+00
6.084072648460463739e+01;7.587839126799327971e+01;1.420677870608476390e+00
6.386807664406416762e+01;7.618826237388962852e+01;2.172822373521411610e+00
1.899373974980691173e+02;7.386503973312593985e+01;1.449615460668315592e+00
2.067688761137306699e+02;7.332356809255324492e+01;4.660103719324639737e-01
2.018503333458631062e+02;7.445584296410697789e+01;4.516446304825849190e+00
7.870941006491297287e+01;7.579999732825534409e+01;1.199592437399374267e+00
9.001134053934124779e+01;7.596602138139046190e+01;2.724825144447363456e+00
6.436255195152936892e+01;7.592237660619750272e+01;1.069884966775570767e+00
2.163681832477302578e+02;7.357763690260195233e+01;4.884790797862543776e+00
6.535219711236123885e+01;7.596206316542962611e+01;1.101902855354215394e+00
2.018906723541663268e+02;7.375584370974355863e+01;9.894477494076929780e-01
1.604101213242559254e+02;7.481678798130933217e+01;2.114378723564708462e+00
6.947720332131886778e+01;7.595533590365950261e+01;1.484131406348729199e+00
6.585838398368986191e+01;7.596139139016227659e+01;1.115279058239170729e+00
4.452894524955195266e+01;7.632705147323814288e+01;1.245591799167009128e+00
1.253628464603518324e+02;7.460309402352530128e+01;1.982910829371477668e+00
1.148508966777555287e+02;7.464497266165749068e+01;9.340869344446420808e-01
7.435938750420577037e+01;7.587748433585834107e+01;1.166567661275691004e+00
2.443574958872928846e+02;7.382281719290081412e+01;4.991643677662452205e+00
2.355163427245827847e+02;7.348611916469108962e+01;5.372454991903316213e+00
2.083588588738790293e+02;7.397347536683939495e+01;4.620716196143147769e+00
2.367929830103147708e+02;7.294154812923861186e+01;6.375801738968274179e-01
2.433500318124802391e+02;7.296572627076155015e+01;5.299597125556017030e-01
2.328486647142286188e+02;7.255678534749804953e+01;1.401843416921208840e+00
6.694810500615206195e+01;7.613482973487379013e+01;2.133957066908143130e+00
9.733436305173017900e+01;7.587919046364702069e+01;3.024471750336286568e+00
2.058475030549294331e+02;7.303972030055946618e+01;1.090260431293320620e+00
1.148245027775445664e+02;7.488595381559547093e+01;9.341753884070469471e-01
1.919058584450980902e+02;7.390089555687853817e+01;9.221235185568356085e-01
1.308787810340820954e+02;7.500147963796696615e+01;1.996969066728011777e+00
2.288286891422275176e+02;7.395574454137447162e+01;4.616409342544164573e+00
6.734091932411867276e+01;7.610823477992725827e+01;2.190985235529994135e+00
1.168163619386812826e+02;7.507898397564341053e+01;3.415012644270387199e+00
8.937329459717820157e+01;7.597648648461635901e+01;3.047927663411826860e+00
2.424833580640508330e+02;7.351425975019954251e+01;4.549991293048334384e+00
2.470023944751203544e+02;7.291393008168981282e+01;4.070732836227577423e+00
6.798763098371219371e+01;7.585758650540549297e+01;4.432982483910345439e-01
2.388478409804815783e+02;7.287650944127041441e+01;4.246123536815179733e+00
1.584722015460398836e+02;7.469392894234063363e+01;1.202388500324892195e+00
2.424112654548623595e+02;7.348494994816428516e+01;5.839977504485927895e+00
2.088844758126155057e+02;7.382884918623065573e+01;5.024906691036442830e+00
2.013824848744957592e+02;7.329198302175699098e+01;1.476856705540264159e+00
2.283661129337234001e+02;7.302633774991565474e+01;6.015029357665185872e-01
6.787748394764948046e+01;7.610257125133071554e+01;2.175271275474653709e+00
8.094225999482540601e+01;7.600211936105129951e+01;2.921733402052951956e+00
2.299178106102187087e+02;7.332500348761756470e+01;9.058013533647694127e-01
8.231324984339057949e+01;7.573788125224335488e+01;3.746877055230783404e-01
2.461965661678568438e+02;7.349612614195925175e+01;4.090095576945018685e+00
1.683213841642220032e+01;7.646091834978378188e+01;4.950361709006353417e-01
1.244215653379329325e+02;7.529792505248495615e+01;1.721755887119443384e+00
6.837612803320040200e+01;7.598493376974847990e+01;2.491001010878437949e+00
6.883419999554070046e+01;7.579050355754691282e+01;4.706557006967604928e-01
1.053872018223065794e+02;7.525922495718916139e+01;6.083611942905620129e-01
1.359433345896657386e+02;7.493435578128026009e+01;2.574786230775333529e+00
1.397309169964230477e+02;7.461473321142257475e+01;3.047331047503034629e+00
8.988971998044695511e+01;7.540491482926651656e+01;4.118735142372443869e-01
2.127839146257576033e+02;7.422230270892802650e+01;4.413018149359298370e+00
7.212661784302659385e+01;7.556975474332649867e+01;2.065723225536672647e+00
1.230270069609830017e+02;7.517837481467223881e+01;3.819889941682965251e+00
1.589069990431177359e+02;7.408875504819617674e+01;2.015718123179704335e+00
7.935213186988174527e+01;7.598905877830314637e+01;2.532650894495484195e+00
1.333925012730552737e+02;7.496138693530633645e+01;3.427267901475649303e+00
6.937388551661237557e+01;7.599690696015341018e+01;1.057663542849025973e+00
2.307825006983451885e+02;7.411920817306975096e+01;4.410199097578295202e+00
1.209314411181284896e+02;7.521845306013955224e+01;2.045310962655748632e+00
1.973608222872364593e+02;7.385349092500145218e+01;5.754878000015334338e-01
2.208500770681492611e+02;7.352605653208459557e+01;6.403159032662876227e-01
1.914027518154773873e+02;7.456328407794637769e+01;4.587449106140165433e+00
6.980733169724288700e+01;7.595629155720486381e+01;1.154076565040283331e+00
6.586725528363082560e+01;7.592323798264895629e+01;1.435490726764269809e+00
7.433140481270028488e+01;7.592723924010452663e+01;2.517643513216474283e+00
4.445312925550798866e+01;7.646111080485989930e+01;1.510158417299552580e+00
1.914069754277980167e+02;7.336572845969389789e+01;1.137619986679719197e+00
7.034260946387699676e+01;7.600074097791635097e+01;2.141321524536590637e+00
2.417881136625039460e+02;7.322204971098270221e+01;9.456810627749087095e-01
2.463524383671378359e+02;7.304806515591999982e+01;1.531355253746193856e+00
2.284186931926638238e+02;7.292197103887119169e+01;1.918958450071530208e+00
7.333739436799035616e+01;7.590229871029919195e+01;1.142933961891398509e+00
1.242978320505759342e+02;7.539151628092751878e+01;2.551330376882924966e+00
7.086719317755196812e+01;7.589033254912855853e+01;1.126579769538738063e+00
1.943246276860926116e+02;7.356144641605514778e+01;6.215320963119552733e-01
2.453225672627650340e+02;7.358572244795840334e+01;4.712387922352043290e+00
9.772896666601343441e+01;7.567786073349279263e+01;2.922953887013646224e+00
1.938730531193486115e+02;7.394415667841219886e+01;4.943145531451038188e+00
1.373781074354813256e+02;7.493961244974207148e+01;1.962474522797249987e+00
1.928890650157974562e+02;7.394542492429579283e+01;4.667177496352827859e+00
7.286941847998890864e+01;7.590182700220890410e+01;1.129618184622253274e+00
1.334121335576519130e+02;7.529021991603997321e+01;3.023143050465338266e+00
7.082435774332762435e+01;7.572628901223080788e+01;1.737945676229208924e-01
1.034571064046259323e+02;7.527213828816860541e+01;9.400700963045327541e-01
1.071319975191725291e+02;7.516370223337938228e+01;1.189003987176835420e+00
6.340426663455741618e+01;7.580907295243746091e+01;6.281913873971902706e-01
7.227872549299108584e+01;7.584469940200175131e+01;2.056722212420500018e+00
7.989702770771259566e+01;7.624336398950973148e+01;2.735594708983687173e+00
2.433437997666300419e+02;7.242756477419008831e+01;1.100880770242433471e+00
2.061800387487569992e+02;7.378741198154243364e+01;1.064357190485395177e-01
2.544135139149162228e+01;7.629534930623198363e+01;4.554693803139701624e-01
2.029066988477603104e+02;7.384543447017784956e+01;5.754635946193134011e-01
9.586217138164691676e+01;7.543916900247431556e+01;5.020470548514592846e-01
1.283287080472981074e+02;7.481682550464695680e+01;2.106816747232217679e+00
7.491013010795279570e+01;7.548236267296854862e+01;4.825008408724366649e-01
1.918245310244518578e+02;7.438133005652332486e+01;5.593805027856104672e+00
1.307573663507407389e+02;7.515248250890789450e+01;1.133983701948252598e+00
8.042999044125855335e+01;7.604159680863206461e+01;2.917493590197159481e+00
7.279988531191314394e+01;7.584030011985959163e+01;2.554798769915581413e+00
7.590155099672084305e+01;7.542739834638469176e+01;5.064065447019433508e-01
1.038355144466919313e+02;7.557189519683610968e+01;3.577409780104544357e+00
2.398505495952503566e+02;7.250010827443128392e+01;1.126691273366848378e+00
2.236553654001453424e+02;7.361269352014990375e+01;4.514428710290944835e+00
1.279098340359036001e+02;7.538463699910589355e+01;3.009856877431710931e+00
7.633298869239317241e+01;7.574883121932910512e+01;6.072199150702297654e-01
7.004010387693391237e+01;7.570694759238334370e+01;2.599108728686387426e+00
7.737386825527099177e+01;7.550746637276144213e+01;6.623700410878452516e-02
9.133580499977558986e+01;7.553909664932631074e+01;3.117761966402926799e+00
7.741948744275133265e+01;7.600931778747306566e+01;2.603017436045113264e+00
1.369992003631645048e+02;7.465459928387024036e+01;3.347747021415403701e+00
7.835663561965705526e+01;7.546846672008442169e+01;4.958134921680667495e-01
2.387841117623770515e+02;7.404816707423314881e+01;3.890656061139258437e+00
1.633351139992228127e+02;7.410617844624940176e+01;2.198728253021009049e+00
1.397401556205162194e+02;7.501112134591809877e+01;2.971644812568949412e+00
1.973861943316385634e+02;7.315812835310650541e+01;1.390656225128434009e+00
1.043755679244318060e+02;7.493711401034119035e+01;5.706782906150877910e-01
6.979571735377604114e+01;7.557583246654033360e+01;1.887369307498496518e+00
2.468185869407330699e+02;7.354378668827617105e+01;4.465099072117700629e+00
2.048645752883129205e+02;7.353303487373527503e+01;5.668663259857251724e-01
7.844197864446836377e+01;7.580087040131418519e+01;1.487695575416540628e+00
1.034520675111966739e+02;7.469915477923186131e+01;6.620690830409651229e-01
1.163779648420960484e+02;7.499339969813433981e+01;5.957814019917166970e-01
5.032065413942756038e+01;7.627104739839259651e+01;1.010924558001788265e+00
2.308537843063329262e+02;7.249786507697568538e+01;1.169793613575057956e+00
1.053157531952477228e+02;7.584987291727996706e+01;3.079033263965460065e+00
1.068372199863580647e+02;7.529974571593727717e+01;4.990431660825402904e-01
2.413938432190384731e+02;7.299998205697454523e+01;9.254024807843301836e-01
7.880392693561196893e+01;7.550101813496712566e+01;5.108397317306389018e-01
2.022889280897386470e+02;7.391841710724992254e+01;4.923985055325220017e+00
1.928247673786480334e+02;7.390428444836244637e+01;6.517783416069719005e-01
7.941878595585254175e+01;7.586073669948621045e+01;1.451008613271166814e+00
2.179108751547923362e+02;7.342976527724677283e+01;4.695532507739031303e+00
7.986200736763690600e+01;7.582210490195406294e+01;1.495619153527971035e+00
2.113609182360313525e+02;7.334320703614966419e+01;1.023413970578107790e+00
8.034879180172143265e+01;7.546303634737451205e+01;1.142121449969282221e-01
8.022825816807450394e+01;7.595505583388036541e+01;2.589198831733773076e+00
2.388306450502884957e+02;7.336816454463314585e+01;9.097218680034816485e-01
2.083948698765329084e+02;7.442555659848373750e+01;4.591118905311947884e+00
2.198923839980777188e+02;7.364822159609795449e+01;5.429677996003404061e+00
9.435224822526538446e+01;7.540359807895526956e+01;4.760331619762819266e-01
1.059307587469575083e+02;7.466712344276001545e+01;7.777196818873076678e-01
1.303298437653482154e+02;7.534907701414178405e+01;2.969234978441002593e+00
5.640925335298999954e+01;7.627987610235240368e+01;1.593870429361258445e+00
8.083790131842303595e+01;7.544002419100104362e+01;5.166959399497055294e-01
2.128689521527888076e+02;7.296520358244019633e+01;1.420888696495337333e+00
9.044373997020915112e+01;7.539905855537875823e+01;4.363815055517260011e-01
7.637445301626210892e+01;7.541864266548664375e+01;7.932286582862366209e-02
8.087573113223999144e+01;7.544466781700214142e+01;1.229754664313995605e-01
2.195766175972159999e+02;7.430249267542397718e+01;4.423109839653534436e+00
6.893628004303668888e+01;7.557729504279359389e+01;1.444949160035966962e+00
1.909861848693925879e+02;7.451193683959492375e+01;4.969806574420867484e+00
2.495143069887625842e+01;7.609385578742858058e+01;-1.502189331526526152e-02
1.283536107883061277e+02;7.537208277993435956e+01;3.411637958946093008e+00
1.343261404111130446e+02;7.530606703016482584e+01;2.930595069301166866e+00
8.136603930184153910e+01;7.547077121323206939e+01;1.358261977112031615e-01
7.584485589768821967e+01;7.513076403191071506e+01;8.023756516485959500e-02
8.182519259230653574e+01;7.547433997841403652e+01;1.162215009828886786e-01
1.033487743693376899e+02;7.487806547138298185e+01;6.044150723099253053e-01
8.239763699671017605e+01;7.543426830373525149e+01;1.352533600593268936e-01
4.786045513419680475e+01;7.629572903236497439e+01;7.107205962176889047e-01
2.124359864536716884e+02;7.324037196574072084e+01;1.381353651967882845e+00
2.472080165187761338e+02;7.357324939172028166e+01;4.540329454763310402e+00
1.391523833827714043e+02;7.522037729996498001e+01;2.434457359458523484e+00
8.240262785684673474e+01;7.602893574577139191e+01;2.611975845386273587e+00
1.175961021842146010e+02;7.525150297637114249e+01;6.530346533779890494e-01
7.198457818091645777e+01;7.578084780381770713e+01;3.343104829979887671e-01
1.983542896300710936e+02;7.445237336832417441e+01;4.495533385175654928e+00
8.944205072023355285e+01;7.504841333559613759e+01;1.442280182810194988e-01
2.342969476205315118e+02;7.361606148429223140e+01;4.143551199567757415e+00
1.233767032544213436e+02;7.497632894247821866e+01;9.876291741348514064e-01
1.313797350066006402e+02;7.490817780267234127e+01;1.652319905550269308e+00
2.050651241287734194e+02;7.377791751471011139e+01;4.689208411735009463e+00
1.968593166208101195e+02;7.398923028532779256e+01;4.962827223234199003e+00
2.262146343379079099e+02;7.404418319781204616e+01;4.506574581127261503e+00
9.231950483318887279e+01;7.537616872640060706e+01;4.759020998089286691e-01
2.342581993079313065e+02;7.305791356901038114e+01;4.629761268752669245e+00
1.183499719018556959e+02;7.492558008142090387e+01;1.050812684183882961e+00
2.354033956938871199e+02;7.355452762654199717e+01;4.101584445033146231e+00
8.939643934516212198e+01;7.538295838283239902e+01;4.985292526931412449e-01
2.394366746394939582e+02;7.330481036340424339e+01;4.996433930746364993e+00
8.983504935774874411e+01;7.598570166181380614e+01;3.069199692190048623e+00
6.397882290684274409e+01;7.589358288598644720e+01;5.394245542901768831e-01
6.776578618260768394e+01;7.623126222024748699e+01;2.248297850977907686e+00
2.138140116568546887e+02;7.336387181047430772e+01;6.028974287471082771e-01
9.090467478679187252e+01;7.599598260762503799e+01;3.033774687573722151e+00
9.134626685340224128e+01;7.600538258920148849e+01;3.061446251140660380e+00
9.188702573787729477e+01;7.596935499109778789e+01;3.009274824876317478e+00
2.349301810089015135e+02;7.362607046227532237e+01;4.641719039369697875e+00
9.231502290024795343e+01;7.595611342374677122e+01;3.003767296438828449e+00
2.208539626731764542e+02;7.342861816180091239e+01;4.602737396131883152e+00
2.440936869669988880e+02;7.266234245095414224e+01;1.951253924772514026e+00
1.373344642875236445e+02;7.458973492946155659e+01;3.144322557382555505e+00
1.901137627034177626e+02;7.347243648880481715e+01;1.831138451460445404e+00
1.218727276496697982e+02;7.533733529981014954e+01;3.496869695321679572e+00
2.013880156459049147e+02;7.391336500518355024e+01;4.957675489486303100e+00
9.288098649764653203e+01;7.593749284898008511e+01;2.980001727527122668e+00
8.233284540455031220e+01;7.517080037873046194e+01;8.365576732028715545e-01
7.781244723695246535e+01;7.578099252570392252e+01;9.032794562451306186e-01
2.079909981744106062e+02;7.410129110616954051e+01;4.157055443511043613e+00
1.959069248284899913e+02;7.354424826457753284e+01;6.117786767948123483e-01
2.058454942839683497e+02;7.351328977352549998e+01;5.161061043983909968e-01
1.059187690357625371e+02;7.580504947459104415e+01;3.420549661787333662e+00
9.298780508967377045e+01;7.589377282257775903e+01;2.656433968552296410e+00
1.273042150028005182e+02;7.504380271416827952e+01;1.669574362823088798e+00
9.336660997126706718e+01;7.593381969276900634e+01;3.040114065964970358e+00
6.385279068399448477e+01;7.590975782783154102e+01;1.060071586684788514e+00
1.898179699330897847e+02;7.415133221442819433e+01;6.730440737218441605e-01
6.588723149800931367e+01;7.623393348349945597e+01;2.170847278447425310e+00
1.278535892654997355e+02;7.536350848878778663e+01;3.393780804752412283e+00
1.899129850535892956e+02;7.395627386652341784e+01;1.033335491350140245e+00
9.313289733911561541e+01;7.586201358499140213e+01;2.733667427039344400e+00
1.198227771314294188e+02;7.464136044685018589e+01;1.488467391133045936e+00
9.390388994887939589e+01;7.532749205588345376e+01;4.372932465307053373e-01
9.486555994597117092e+01;7.537972065219037177e+01;4.385427726817954786e-01
1.198265995659562435e+02;7.508906889123433359e+01;3.424317382799325404e+00
1.228706789434204438e+02;7.498792675135270258e+01;3.100082755078437557e+00
2.330126576528342497e+01;7.642990500616437544e+01;7.171172954881212258e-02
2.050565086012541087e+02;7.369879460157905271e+01;4.448490653257093363e+00
2.098793707508686452e+02;7.437300135981388394e+01;4.539911789328965774e+00
2.034562881077050065e+02;7.367097922542009769e+01;4.598941447367285384e+00
9.488862715073916831e+01;7.588540125353866017e+01;3.039340141434785814e+00
1.603635024437764116e+02;7.411313801273075796e+01;2.650177147070446271e+00
6.992655319028877159e+01;7.601755257859834103e+01;2.388773406484117068e+00
7.736823657983076430e+01;7.600475677810482011e+01;2.958680685903527952e+00
1.354603451111608763e+02;7.490420817538901588e+01;1.023087468819602552e+00
9.031253571273728653e+01;7.599619677505711479e+01;3.065960664912642297e+00
2.063847840947993006e+02;7.455412684923645372e+01;4.175463872843872437e+00
1.344094668000997785e+02;7.494172662323921941e+01;1.537193692852272697e+00
2.029248509100766000e+02;7.384184057198801554e+01;2.000149137692238122e-01
2.253601080093155247e+02;7.352227162321229059e+01;5.062124316801822843e+00
9.583768011146466392e+01;7.531204184316622730e+01;2.052824914164096681e-01
9.585234812315658814e+01;7.588112422884516661e+01;3.037379329531829875e+00
6.082770334680571267e+01;7.582934700368319625e+01;7.079527926202564547e-01
7.430393814203715408e+01;7.587946743688650031e+01;2.940403626847887697e+00
2.002847688333029055e+02;7.326290021597947089e+01;1.929931829756158290e+00
2.516622745417901541e+01;7.614084975355629581e+01;-3.599753765018242624e-01
9.635397403949708917e+01;7.590176199912434640e+01;3.008325787336244783e+00
9.688708611295250250e+01;7.590678263590658048e+01;3.051469268589570127e+00
1.148517334034472270e+02;7.537276843968469109e+01;3.505893952395005009e+00
1.928766248055070776e+02;7.448296496797441080e+01;4.502098484076475948e+00
1.298796069886564624e+02;7.507392692603973217e+01;2.003350017376687386e+00
2.338562566893350265e+02;7.260952750908282383e+01;1.450762403942430057e+00
2.104037524863141755e+02;7.440270242365268416e+01;4.844439854496862097e+00
1.138667790828206137e+02;7.501974576678048834e+01;6.115121037868869180e-01
1.203435831823179569e+02;7.504680430634944344e+01;5.709294731897606168e-01
1.153709848899640633e+02;7.487426271466252103e+01;9.388832327917726595e-01
1.143594313778623075e+02;7.491637016740639865e+01;9.859304122510853530e-01
1.268249701430769818e+02;7.539329082100329060e+01;3.005274921967809210e+00
1.207043361299017761e+02;7.535747259370418760e+01;3.851323546417932064e+00
1.143845326411526599e+02;7.499477420416916118e+01;5.766683661997690225e-01
8.135611799157545931e+01;7.534189735254388154e+01;9.404410575488847401e-01
2.437198627380257676e+02;7.220937128860883547e+01;1.280695881036508776e+00
1.154150641329039786e+02;7.498430290603184289e+01;5.616227825134533225e-01
2.298962834061871092e+02;7.349962698815926387e+01;4.674541714185846075e+00
9.436748295966928879e+01;7.591524466225725121e+01;3.439406694091319938e+00
1.273365700665575844e+02;7.526636771054477038e+01;1.493073964932345232e+00
2.058650977872256078e+02;7.313579488786653826e+01;7.029338238129057004e-01
1.148526840914249192e+02;7.499732336975009162e+01;5.393870182270200653e-01
7.717748737499535139e+01;7.548936663581670814e+01;-2.246285919974661538e-01
7.186331912066077621e+01;7.627698177546706404e+01;2.522903102210431125e+00
2.418079824920606029e+02;7.354209706001685731e+01;3.655869954825269552e+00
6.882273610336358161e+01;7.568613155185619235e+01;2.179482744607152522e+00
1.633354296449069807e+02;7.441536328987277216e+01;2.920699968971636640e+00
1.208154991109527430e+02;7.543175931002807033e+01;3.439088701188967256e+00
9.336077757208495598e+01;7.539227194233495766e+01;7.402093049042036965e-02
1.158399917648372508e+02;7.489175755730575190e+01;9.968929387233054218e-01
1.345377683667044266e+02;7.540542122182768026e+01;2.710455265969180960e+00
7.283695432005286818e+01;7.584042718418527329e+01;2.181501787494134703e+00
1.052644039759698416e+02;7.534979231661584720e+01;1.465326887476258833e+00
2.213975854928637830e+02;7.354235713552741061e+01;9.840533334470348281e-01
1.158432643189234170e+02;7.502370368159476754e+01;5.813302514466989201e-01
1.378009177555009330e+02;7.533851904510650854e+01;2.676551510957508206e+00
1.034342821491556208e+02;7.469397580331182951e+01;7.889650415072733125e-01
2.298382610860844011e+02;7.347466288233857767e+01;5.011471439467383604e+00
1.163593854866426653e+02;7.492186953023816898e+01;9.984094715088354111e-01
1.348538257605888759e+02;7.489702316205500665e+01;1.004600535892737234e+00
2.098682248320505721e+02;7.365415578188914481e+01;4.616096127550466832e+00
1.168328499117912287e+02;7.525736923236516418e+01;1.939600626746390333e+00
1.064048187585687657e+02;7.582952441574572333e+01;3.061328847912595741e+00
1.943129320904892552e+02;7.477520829901975219e+01;4.173146801976638010e+00
1.623737061250332943e+02;7.445703001928352194e+01;2.518908601783107493e+00
2.048485491043607851e+02;7.377894360981508726e+01;9.671918281109461724e-01
2.429486930360515942e+02;7.327068032009049148e+01;5.326285376505262015e+00
8.135205229611595712e+01;7.538566628901547517e+01;5.284046882321997707e-01
7.926471047571877193e+01;7.576911298069636302e+01;2.062141398301957085e-01
1.590277864660687612e+02;7.404321907542303904e+01;1.620994326801965757e+00
7.229193561010450253e+01;7.560215317824687986e+01;1.450438795411985060e+00
1.294358862747975252e+02;7.490585317269031407e+01;2.010421729937741375e+00
2.255815497829236733e+02;7.319793705424430641e+01;7.530804609725655352e-01
1.169047782563189628e+02;7.496375837831403999e+01;1.008197362288308030e+00
2.464440192883385521e+02;7.389173272643624557e+01;4.961661000595678495e+00
2.112385235430899115e+02;7.395190338595476476e+01;4.087921301244069383e+00
1.058651035158036535e+02;7.529492081902444056e+01;5.858826528108511678e-01
1.353664629474321259e+02;7.491942199123418789e+01;3.457099881248197448e+00
2.185770608505081896e+02;7.351563183325080786e+01;4.858820585779721313e+00
1.936840678493726386e+01;7.619268277295635983e+01;2.948872497711233498e-01
1.173364904494700482e+02;7.498503219967533084e+01;5.482370912692279274e-01
1.178099552641020296e+02;7.496953893962030691e+01;5.208465954574394985e-01
2.386677940881989457e+02;7.286491936887625798e+01;2.448005507790047997e+00
2.407581126030102894e+02;7.326112766578616231e+01;1.109918668560033295e+00
1.223351370452496809e+02;7.490025586450657613e+01;9.901352961343541370e-01
7.992158337054092954e+01;7.571713429552281127e+01;2.962204023207009040e-01
1.973793290737274333e+02;7.444287738823398115e+01;4.881726357474607703e+00
5.698133758922962500e+01;7.576467961037690202e+01;1.817904068160185460e+00
2.289114670832751983e+02;7.318870535637543639e+01;4.619449575552288856e+00
1.024179710338840152e+02;7.586297497840894266e+01;3.133932702949951743e+00
1.923404740438193130e+02;7.401434540942923945e+01;4.911983935815407598e+00
7.039931745044570732e+01;7.591962248585468842e+01;1.152451878146575348e+00
1.208694247585706165e+02;7.455352172807577915e+01;1.387332019668242822e+00
1.178898882806066553e+02;7.553093364642576546e+01;3.032671090998698471e+00
1.293483060894718619e+02;7.493900625877151356e+01;9.764168579205024789e-01
2.198630580778273611e+02;7.428716158996923014e+01;4.426649603996790638e+00
1.593741426032900108e+02;7.412539837004715082e+01;1.669588221982607257e+00
1.178646063047007857e+02;7.487518622325485751e+01;1.038550980899985765e+00
1.598452015606239627e+02;7.485490112816756891e+01;3.228300829998948629e+00
2.349288960366501442e+02;7.330948385250367494e+01;1.429730399961553822e+00
2.058499019562363799e+02;7.355629855314407450e+01;1.529042818110914470e-01
1.183775465887587472e+02;7.534774268097369543e+01;1.883157907567736933e+00
1.948296141997454640e+02;7.350689874868049856e+01;1.035055222238996375e+00
2.464597773284469895e+02;7.309452984049097779e+01;1.943220996282831958e+00
7.288011919847609477e+01;7.591168813866350717e+01;1.439387493553800468e+00
2.257586569175322495e+02;7.305618489279694927e+01;7.510611352576375133e-01
1.348969632571217687e+02;7.467896046110421082e+01;3.479979404209212923e+00
1.144248277763012140e+02;7.528741331632872402e+01;6.587702133189817788e-01
7.928629234082762878e+01;7.578238187588141272e+01;1.130325919956835845e+00
2.428238712210587380e+02;7.355438349491622319e+01;4.538027634307290725e+00
2.203252035967396694e+02;7.346479536220674333e+01;1.479330846794537191e+00
1.188769534380476784e+02;7.497729509287115945e+01;9.942796510099491947e-01
1.193598123512604872e+02;7.499551872573783839e+01;9.725823662040111728e-01
2.438333020529543091e+02;7.398328189513387088e+01;5.469112950918438187e+00
1.258605740984796171e+02;7.536976043340796139e+01;2.963003297017971605e+00
2.139611501869192978e+02;7.358400886955563180e+01;4.900737826776078165e+00
5.648480115191049578e+01;7.597382244578204791e+01;1.546235499700430172e+00
1.929363284118419699e+02;7.310578505990201847e+01;7.191043462654074236e-01
1.194111163185909845e+02;7.524141615295904728e+01;1.941138421461503727e+00
1.197419392000720109e+02;7.530058286862747252e+01;1.876606770212511544e+00
1.022585996755550468e+02;7.577130178755469103e+01;3.791858498970026581e+00
1.198791899646181065e+02;7.501048948196755362e+01;1.018310626039222733e+00
1.597900305772267870e+02;7.448299124689452810e+01;1.475540527260058798e+00
2.353829120879055949e+02;7.331557837509694764e+01;-4.261945475218255341e-02
1.168394490832576906e+02;7.499942066853816414e+01;6.292988930251822710e-01
1.593635787163549651e+02;7.482448445462998166e+01;2.119135174426548751e+00
2.473127530694075915e+02;7.338519000515648827e+01;1.645776077191366538e+00
1.208477419416370537e+02;7.508322785476137540e+01;5.623610897069410974e-01
2.154302898462561018e+02;7.359123172481308472e+01;4.955147715806919706e+00
2.302543419278026988e+02;7.256334163059565867e+01;1.050947535402213528e+00
1.263800424033910303e+02;7.541735724996601675e+01;2.967621330252640188e+00
1.943143643581178992e+02;7.360410711855205079e+01;2.412923957937768982e-01
1.213379924824677403e+02;7.548852003162335222e+01;3.007735490085071461e+00
2.360948625809865860e+02;7.358430938980261260e+01;3.684912266474875242e+00
2.129440875788251901e+02;7.369300911352758021e+01;5.012953757242210706e+00
1.218508919545982110e+02;7.513846342068615058e+01;2.024148834144866793e+00
1.313652063444340001e+02;7.460437407168488733e+01;2.022907574253601570e+00
1.219152499726732941e+02;7.494974114413929556e+01;6.089368813861862906e-01
1.224123307945427825e+02;7.490212195319412558e+01;1.508211079382143494e+00
2.288935737312161791e+02;7.345006307391558664e+01;5.163671472163862131e-01
1.198450476996765133e+02;7.489227740883646334e+01;1.518467273097254155e+00
1.228786762872986742e+02;7.498580814023841867e+01;1.052398045932247284e+00
2.108894677140762042e+02;7.403400214230568110e+01;4.208686112684071112e+00
6.990851688276927689e+01;7.554557634399084520e+01;-7.153196972331164749e-02
7.686449506259815223e+01;7.599677682396871603e+01;3.038266150729930448e+00
1.228910908617651216e+02;7.545180538134998471e+01;3.073992857459103778e+00
2.055224016603792734e+02;7.446226867004773453e+01;4.457746019610841159e+00
6.289620523160201060e+01;7.586731143654630216e+01;1.392247956864961722e+00
1.062630273185138066e+02;7.500247064822555387e+01;2.101441671451950155e-01
1.233502549741824907e+02;7.547089716255321434e+01;3.048974044294093577e+00
2.274442664052680527e+02;7.338208314613827099e+01;6.322977588121118098e-01
5.003188420082836529e+01;7.566399447184501525e+01;1.530325207362099316e-01
2.138191040852164235e+02;7.293828433757349217e+01;1.109913998795709400e+00
1.244274841527219309e+02;7.499842294491112682e+01;2.032228257086534651e+00
1.893674236282753753e+01;7.619849594356919908e+01;4.004801658247716389e-01
2.359237193131679931e+02;7.355655969483959211e+01;5.595336799416250173e+00
1.058515628499623347e+02;7.582295256110465687e+01;3.056347492839931235e+00
1.298867281469819943e+02;7.497539556961746143e+01;1.489024679326543144e+00
1.969128191026240984e+02;7.431884362813974576e+01;5.754606816766839827e+00
1.983012969654071469e+02;7.398228555041092136e+01;4.608453945571566734e+00
1.262530112511196307e+02;7.493126746926496651e+01;1.377446032118495367e+00
1.987550468167208706e+01;7.646198684990123695e+01;5.536417498471873921e-02
1.267317598296522903e+02;7.506311894644957761e+01;9.226441746343407857e-01
6.701209709964814465e+01;7.584282168152161319e+01;3.852118999656984899e-01
1.278867563692775633e+02;7.479174936064330836e+01;2.063668513756685030e+00
1.198034658627024527e+02;7.526839274535306856e+01;9.610492203976850334e-01
6.738982925338683572e+01;7.609462342217970843e+01;2.458204712720164498e+00
1.363597995469258137e+02;7.531822259230077066e+01;2.940588586793556836e+00
4.539641613205021287e+01;7.606617627643946378e+01;1.498735769309543331e+00
1.283754962791783782e+02;7.536673267633624107e+01;3.032643456745454102e+00
1.288623524555289634e+02;7.533944912630717283e+01;3.009373348157540207e+00
1.294086756886322007e+02;7.500352867729475292e+01;1.444172226448113383e+00
1.298737334463494904e+02;7.493659097426576920e+01;1.058572327812350222e+00
1.304333987733556910e+02;7.503918289984882506e+01;1.981524120401543465e+00
1.998063515086646476e+02;7.405891953674507988e+01;4.517016387606294536e+00
1.317229131094693457e+02;7.498468867145415118e+01;3.040037190222698804e+00
1.313684794398278086e+02;7.498048361190018340e+01;1.992195439222099518e+00
1.046951240318887244e+02;7.516066492260671339e+01;3.198516914257458765e+00
2.108470619423342782e+02;7.403304895596998847e+01;5.631282478726472362e+00
2.085310337389663857e+02;7.366039847719828515e+01;4.710015265159545272e+00
1.364083754506195874e+02;7.500209671339069928e+01;3.023407862262926127e+00
2.213369500811348303e+02;7.344612908925093109e+01;1.409745007617309920e+00
8.191983832394174669e+01;7.541496642918718862e+01;1.361525008591903951e+00
1.353693897090030021e+02;7.496517878722350758e+01;2.046177219209761144e+00
1.273698426334582905e+02;7.530503476101395677e+01;1.956960396463319318e+00
1.246811667640434962e+02;7.539352455510086770e+01;3.379953044348531055e+00
1.314518158473786968e+02;7.493858656332125179e+01;3.022422811856389835e+00
7.110886545720522633e+01;7.581454560482676186e+01;6.589235244255784441e-01
1.318710653970557019e+02;7.500917600897093962e+01;1.964361636643393361e+00
1.999031597842025008e+02;7.399950991502848296e+01;7.272569033245770420e-01
1.183163948507795880e+02;7.485342711025738538e+01;1.408011275649386773e+00
1.618364303519170448e+02;7.455816442517767939e+01;2.144890843512330392e+00
1.327685749803288786e+02;7.490213148184140834e+01;1.034273053148039079e+00
1.058632168608800299e+02;7.495746997890786645e+01;9.488417461134808217e-01
2.315909962107012348e+02;7.346218971991658009e+01;4.481447708350780879e+00
1.332409223337652406e+02;7.494508926060493081e+01;1.538320562006509906e+00
2.418489985226418639e+02;7.295967403801684270e+01;8.909751229268930706e-01
1.339212773272524259e+02;7.498406671978231941e+01;1.542702919329395961e+00
1.333576425161762984e+02;7.490266972689765623e+01;1.010046591779819813e+00
1.944018037398975878e+02;7.383202377208576195e+01;9.889414745585877187e-01
1.925921856081246233e+02;7.455637615373554183e+01;4.272558002634940344e+00
2.387639878506389550e+02;7.333530011507626512e+01;5.619580818460931937e-01
1.213809219833729287e+02;7.507145599905759070e+01;3.391681033911150500e+00
2.008171963489513701e+02;7.453248309942559047e+01;4.177788531735632915e+00
9.080808554332736549e+01;7.529184618435971288e+01;1.011274287927143023e+00
2.418357678075518891e+02;7.326660838838270706e+01;4.476126031916382031e-01
1.344116425252242379e+02;7.528435862129634870e+01;3.349463892447054558e+00
7.841006248237496834e+01;7.588855917956804831e+01;1.944071592155102612e+00
1.253537734668269934e+02;7.502901530605601010e+01;6.721274416520204298e-01
2.217729123737776717e+02;7.377971333947252219e+01;5.425678155497665855e+00
1.360299494431619678e+02;7.529806374044903805e+01;2.771393234372539371e+00
1.359153296972871487e+02;7.491909593050078797e+01;2.064454608792682944e+00
6.722053560482002865e+01;7.568546003419295687e+01;1.022910216770517300e-01
1.346570932930497690e+02;7.522011945428317858e+01;3.517892505336656761e+00
1.366686330750245304e+02;7.525827250443185790e+01;3.468077080887750352e+00
2.358264937170849009e+02;7.296553716384079280e+01;6.308228616304804026e-01
1.596480280465105750e+02;7.473687296810791736e+01;3.550119973838055110e+00
2.403334050039382248e+02;7.250811978276549041e+01;1.437956442418873326e+00
1.959136601991897635e+02;7.400201096466402362e+01;4.689820270938176883e+00
9.185487569733550117e+01;7.540458524943852581e+01;4.982193418586440270e-01
2.023733473771324611e+02;7.443820015229631792e+01;4.939867067839169401e+00
1.983372489205481770e+02;7.383127452456562878e+01;4.490596578240767522e-01
6.387484432256024292e+01;7.586295324564493114e+01;1.395826790889061808e+00
1.914110307141591250e+02;7.387605300410815801e+01;9.496045721222720060e-01
7.440418364595716127e+01;7.629040588005145196e+01;2.505798622290159372e+00
7.534977148012657722e+01;7.627790690975231769e+01;2.574878173174295792e+00
1.368793610942319390e+02;7.531114958364773315e+01;3.008961666889558906e+00
1.253421056726708258e+02;7.493357282746532633e+01;9.699623506972949727e-01
1.377972348900408690e+02;7.492725482363204037e+01;1.938523216626507173e+00
1.034568201841478015e+02;7.534271577734935477e+01;1.288429061670489095e-01
2.400751863220245070e+02;7.287162954998798625e+01;6.441859835996810446e-01
1.388030584664086859e+02;7.502817168768537215e+01;2.988933050532405211e+00
1.388889686852289742e+02;7.483988521851472342e+01;1.001243864776670378e+00
2.407834271124912959e+02;7.329995809038311450e+01;4.920484418940327842e+00
1.393656420427212765e+02;7.494297074607131037e+01;1.951247437746213009e+00
7.635008852558742376e+01;7.605604846157044108e+01;2.965515265087003804e+00
1.585018402977171093e+02;7.492944004860943608e+01;3.502948922307326018e+00
2.463724097071331016e+02;7.355771819626349384e+01;4.992648451693782796e+00
1.164231435227963516e+02;7.455460625615859271e+01;6.402814068919409074e-01
1.588057877853755144e+02;7.487282981036992169e+01;3.029918403102008106e+00
2.327711439912462197e+02;7.322846542007329163e+01;1.310323674254746162e+00
2.378185135389454672e+02;7.376588188162300241e+01;4.576024833882546439e+00
1.589190981237902918e+02;7.479242151940316319e+01;2.536360192494813148e+00
2.384932303206818176e+02;7.332374696034077033e+01;1.052886316684923163e+00
4.983507601592030056e+01;7.596652316935849569e+01;1.008333479810142652e+00
1.181156739121392860e+02;7.576308566912130971e+01;3.356217965303439854e+00
1.593327193547553691e+02;7.480923713300136058e+01;2.468214250635381468e+00
2.354265906256865719e+02;7.328531762280195494e+01;1.351016474075502405e+00
1.303989107321776260e+02;7.493747210867432784e+01;2.475976675466621924e+00
2.328394352318824474e+02;7.373816018283770291e+01;4.197190418792988709e+00
1.594165196401195033e+02;7.482509321803324553e+01;2.899957975300277546e+00
1.339075607007333133e+02;7.504420095789892287e+01;1.874627529526687653e+00
7.732719807042526838e+01;7.577950765690064827e+01;1.395256573926384192e-01
7.108268232223470307e+01;7.568000044446804964e+01;7.160685976509643114e-01
1.598642358981725522e+02;7.450072013773042556e+01;2.522189117254911572e+00
5.786971115732365689e+01;7.598004658124941102e+01;9.956256044836130359e-01
1.603718204251764803e+02;7.446429094643326607e+01;2.530515395475643192e+00
6.531878781247358745e+01;7.560718110031154993e+01;1.084684207182952331e+00
1.213546486808718612e+02;7.501128069472177629e+01;3.114608562377202183e+00
1.028597197594822177e+02;7.541979464234080410e+01;2.096117636736735679e-01
7.394255262921235783e+01;7.559737586689369948e+01;1.486757589670715696e+00
2.064304368676097283e+02;7.445723270246678283e+01;4.448928913400379770e+00
6.790113263871540994e+01;7.600568152796627430e+01;2.484541043225249268e+00
1.293542232049592826e+02;7.460750192841447870e+01;1.993243869895903631e+00
2.148990120514190210e+02;7.363567813045582966e+01;4.889291902985733351e+00
1.608664526684154339e+02;7.446400912037616138e+01;2.524091441801855851e+00
1.613802536414324891e+02;7.444770346978516784e+01;2.502104181255326854e+00
1.165684456686656318e+02;7.580214243759101578e+01;3.294477910469201909e+00
2.243681591145470691e+02;7.348700965630311543e+01;4.887450542905467543e+00
1.928970512134856961e+02;7.455350639358051978e+01;4.198601675084359997e+00
7.584612323763158770e+01;7.580878070029488924e+01;1.452748558589820049e-01
7.677460456908178799e+01;7.516430993398414273e+01;6.303786919357635965e-02
1.618745715239617482e+02;7.443179725267518165e+01;2.520173218249579961e+00
9.484443857463726602e+01;7.589456127794912277e+01;3.496226526778930310e+00
8.139410993254391258e+01;7.604294677884558951e+01;2.645670397818713493e+00
1.628678275371014195e+02;7.447154903846653440e+01;2.513740166932359799e+00
1.988762086736199137e+02;7.366056371741302655e+01;7.388008278404049056e-01
2.423961173035827414e+02;7.296685196798047457e+01;1.249354812584406449e-01
2.243338960408891012e+02;7.410322899197052493e+01;4.225191092836604767e+00
1.633609297034685710e+02;7.445431192193296965e+01;2.524940792477443630e+00
1.069647170318124552e+02;7.514422243749642405e+01;3.300568542778339332e+00
1.638046709278362414e+02;7.453571311705329094e+01;2.055838301137896007e+00
1.639234513451974351e+02;7.449188249391394834e+01;1.499810749818718092e+00
5.782723627589937365e+01;7.566761943730524820e+01;1.358733162624231161e+00
7.705966660136294877e+01;7.578263362123426816e+01;8.333337314962943609e-02
2.298851734411425412e+02;7.423941593948586615e+01;4.477329707829371230e+00
2.275408433137700115e+02;7.317624099549163930e+01;4.863471101680004516e+00
9.378325793311800851e+01;7.536291132268138426e+01;-3.593230056854457288e-01
1.903096966096088636e+02;7.396825032722580318e+01;9.609998159623601710e-01
1.143273156715661827e+02;7.486488140203023534e+01;1.445991483430951297e+00
1.943082282640750122e+02;7.407440969407096532e+01;5.318333024344216398e+00
1.923439276297230549e+02;7.452658784018811389e+01;4.502603326238029169e+00
2.008296414451981491e+02;7.448793080291866886e+01;4.517920884961863059e+00
1.924054117005144633e+02;7.385993679215737018e+01;9.483929645860403879e-01
1.928496953233593842e+02;7.386729559578661508e+01;1.019603099995299411e+00
1.143818263302750040e+02;7.465248331011176219e+01;1.401405242435767695e+00
8.135657850781832678e+01;7.510559950849135191e+01;4.133431299411492454e-01
6.234418905156100266e+01;7.565017516681345455e+01;1.529902897793602667e+00
9.087606305189576972e+01;7.509806422763581679e+01;1.989574757026959795e-01
1.978636386773619051e+02;7.446925307685347661e+01;4.527578103906683360e+00
2.478423083504028739e+02;7.330281579573804152e+01;2.551558228342667878e+00
2.058302658052757295e+02;7.344654522013222220e+01;1.017702633539524948e+00
1.938628691106419524e+02;7.452362625474886215e+01;4.469433350584713693e+00
1.962808317328165799e+02;7.337801357464404362e+01;1.411865742932982171e+00
9.770251222617154951e+01;7.592941528929213746e+01;3.293782711765564475e+00
1.933427822657584443e+02;7.382910847278938604e+01;5.470135906901072431e-01
2.424321368438543516e+02;7.218691251858119529e+01;8.607315626751930182e-01
1.924704084771469752e+02;7.399794930511653490e+01;2.098291810407459657e-01
7.933193656471111410e+01;7.565109249284817849e+01;2.573745064844090269e+00
2.028509001999995291e+02;7.446217803084746834e+01;4.913652046184423305e+00
1.948445434660224294e+02;7.456761717642804399e+01;4.571364043794031495e+00
2.093888082929623806e+02;7.439629871358657454e+01;4.500808678630161097e+00
1.968573538638341063e+02;7.313909464464261134e+01;1.378849606721839427e+00
2.357952966313503111e+02;7.315520556054140400e+01;4.893625167103341944e+00
1.193926550870119314e+02;7.504445621521271903e+01;6.177415002879496075e-01
6.892344169434555567e+01;7.631381322325383110e+01;2.783259409271128249e+00
1.913201737468540955e+02;7.318338170771548334e+01;1.319391106286040394e+00
8.219730538189404001e+01;7.581855198200557311e+01;1.245998682112453571e+00
1.955093330887218031e+02;7.440386936624851444e+01;4.539196423522988688e+00
1.948452394326896808e+02;7.384326280062791170e+01;9.919776429807224405e-01
1.953439907348020199e+02;7.383999563627156704e+01;1.016551910580517193e+00
1.958563496433519333e+02;7.383949514865781794e+01;9.988420071215282636e-01
2.373568896414411995e+02;7.290086268707840134e+01;9.873033547366764084e-01
1.968894808784931740e+02;7.440592830805664448e+01;4.541897208166592037e+00
6.234497221709690251e+01;7.579018816320365204e+01;7.384572479680769908e-01
1.143890141299352337e+02;7.554056808469718476e+01;3.808370901794599028e+00
2.272756336152582151e+02;7.327420374875838149e+01;1.295359779630804509e+00
2.358919491168325919e+02;7.339078031168173766e+01;4.549491564003229627e+00
1.322889966245981839e+02;7.502289516974367700e+01;2.625188525108113069e+00
1.293835148288328298e+02;7.534517135212739447e+01;2.975734985718018422e+00
2.443491992871085472e+02;7.384647690201487080e+01;4.741995423212546967e+00
2.354000325054772418e+02;7.287809196637404341e+01;8.773689087566972633e-01
2.363473806024463215e+02;7.250754748944061134e+01;1.140039039642698704e+00
7.784431579354303210e+01;7.601057665879233127e+01;2.876929227751484408e+00
1.973845150392669154e+02;7.445279685603877340e+01;4.561862200846927173e+00
9.683628981286545923e+01;7.540579725826154345e+01;8.601988548057853956e-01
2.269830910329665983e+02;7.303143797610653110e+01;2.191920187395788755e+00
1.969108358251958748e+02;7.382579104657641267e+01;9.870304252626956876e-01
1.132431890167419652e+02;7.576951579541550075e+01;2.768765951718312301e+00
2.282712526919449942e+02;7.422277049684177541e+01;4.873480790402187068e+00
1.973960000874334355e+02;7.311543671661999610e+01;1.218573996387947611e+00
8.992485602489306018e+01;7.593086491460640275e+01;3.429562489843313688e+00
1.913647693555726050e+02;7.453020059199710090e+01;4.966403470946354481e+00
2.098843536200081701e+02;7.398526940474367564e+01;4.540713600906657987e+00
6.791731762311674458e+01;7.580192267254186334e+01;5.836335445117003112e-02
1.312741794615322704e+02;7.505529016365115069e+01;8.723378184424122050e-01
1.603403967982953588e+02;7.433582767639751410e+01;2.941801659342384134e+00
1.973420347289062136e+02;7.380181192043484373e+01;9.825908892455808008e-01
2.288878036969308880e+02;7.261786113342463977e+01;1.112263180790708406e+00
2.018614939365605494e+02;7.439348439713666039e+01;4.896672031869655051e+00
1.988164870388769145e+02;7.445612676069285385e+01;4.498461032376029678e+00
2.408979209172960338e+02;7.295265715105246329e+01;6.488038601716069609e-01
1.343764103808423727e+02;7.468464480931861260e+01;3.530312929648732556e+00
2.067360675500641207e+02;7.416566670618351509e+01;4.654154322198173155e+00
8.155971816523273787e+01;7.517878017927971257e+01;8.158102328926540858e-01
1.993682651090151126e+02;7.445462254913468314e+01;4.571265479032481593e+00
1.392184022019856968e+02;7.416222816768595294e+01;1.364830223884316629e+00
4.836733564014196673e+01;7.603890035929636326e+01;1.419438082132272960e+00
1.202753477124096264e+02;7.497927179803211573e+01;1.465291649074543345e+00
2.424793033146556809e+02;7.267792807184585513e+01;-4.186686525343746301e-01
1.998452818677457969e+02;7.448482536793501652e+01;4.537572324063704698e+00
1.638052568138077731e+02;7.407903710272691455e+01;2.531219684944779669e+00
1.992282457285199371e+02;7.472621617207138911e+01;4.239352917184802116e+00
1.953408996715622266e+02;7.372908353261161096e+01;1.386919139649510413e+00
2.003545015705678622e+02;7.447612234018902200e+01;4.554254887603742752e+00
2.259433547752704499e+02;7.393308811758684840e+01;4.437230272478405624e+00
2.123360764994286285e+02;7.395593551041247338e+01;5.022898866371674487e+00
1.043548870203946564e+02;7.491958687734603473e+01;9.577423820938198995e-01
2.013578803250994156e+02;7.448363989709915245e+01;4.479263877154366469e+00
2.023543806814531365e+02;7.446260439419421573e+01;4.528872599048406222e+00
2.108251854686347428e+02;7.436087144098776491e+01;4.512619989566075240e+00
2.284226132747334646e+02;7.345963861535531692e+01;1.686199312734529276e-01
2.028737611344271556e+02;7.449194337546720135e+01;4.500520422331754311e+00
2.284697415307435904e+02;7.318160253087135914e+01;4.938236277434425503e+00
1.193466874934638327e+02;7.506439008858617967e+01;1.562304931660455809e+00
8.224637478776617172e+01;7.592207488565389895e+01;2.027163808583447135e+00
1.292813035811266218e+02;7.487429491269760717e+01;7.732780219019860235e-01
2.408392746000311888e+02;7.327271610794187495e+01;1.492692173252007370e-01
2.024226045822165645e+02;7.382334928875231128e+01;1.060011356196658205e+00
1.332892851229248663e+02;7.487618434620367225e+01;5.175018807280971078e-01
1.226150664126155050e+02;7.479132187576496449e+01;2.421936375985405676e-01
2.089289838936491606e+02;7.454169145650384110e+01;4.221987741038828901e+00
1.384652195059445887e+02;7.461286415122214066e+01;3.395195460691810663e+00
1.025950365776317597e+02;7.526993363158963746e+01;5.782771021733278394e-01
2.038482162624426337e+02;7.454022287964920679e+01;4.417675718027989085e+00
1.228830752224119323e+02;7.504499208818266709e+01;3.468277007655125477e+00
7.538590309186979255e+01;7.548032824313604294e+01;5.566416681527524002e-01
2.032665809787173146e+02;7.451687094835519076e+01;4.453333996151693341e+00
2.269228283199235534e+02;7.334882179399184565e+01;6.755475157499417627e-01
2.285899240086105522e+01;7.618667904557334225e+01;4.338516111353942772e-01
2.043547597625701542e+02;7.450029403054335830e+01;4.427244667691063285e+00
1.220106868825313882e+02;7.523888937378087860e+01;9.185389492651075960e-01
2.472455440142404370e+02;7.392790918722431570e+01;4.201514815004404824e+00
1.302884851307044300e+02;7.530077621198238091e+01;2.654340543476806147e+00
2.047744053282781351e+02;7.445069713504790343e+01;4.467551931957882694e+00
1.618639126818213185e+02;7.483059559059498156e+01;2.818885013285760799e+00
2.237532017855675406e+02;7.426960575509315277e+01;4.835676793662371686e+00
2.458670239025560988e+02;7.323697241721350792e+01;6.400849757734163870e-01
5.984585315762132751e+01;7.564166220703526733e+01;1.058071934990068463e+00
1.638020864629219489e+02;7.449828791860315391e+01;2.500054922942910540e+00
2.142267147572579802e+02;7.385681816174607661e+01;4.658303124812393392e+00
2.043513806525108976e+02;7.351194734591582858e+01;9.793243957977511016e-01
2.389008374160702317e+02;7.334395533490534547e+01;1.410583909028670702e+00
2.275412284898231690e+02;7.239309465928302245e+01;7.744796491589714948e-01
2.048543242124507913e+02;7.347898414770087072e+01;1.018973268684529865e+00
4.582246726273290705e+01;7.625079858127439536e+01;6.551218714371565000e-01
1.938877380320020904e+02;7.457545017161454837e+01;4.139402688760903892e+00
2.247970404702800806e+02;7.430660574522079287e+01;4.340443730982828541e+00
2.243159515031257811e+01;7.651187813231844359e+01;8.588401490515930048e-01
7.381179858569724672e+01;7.543625775016917601e+01;5.872905791521584873e-02
2.228493799698701423e+02;7.394637340222021749e+01;4.605694310553254844e+00
2.098440242276163588e+02;7.443395984933358989e+01;4.842210414680951480e+00
5.869431994229204008e+01;7.621976286678234658e+01;9.379774479980625967e-01
1.983567529815817068e+02;7.379660945986648812e+01;9.783724916713961717e-01
2.442038571596112888e+02;7.237534497775062903e+01;1.413525943819909925e+00
1.278566622500160150e+02;7.450029807079059196e+01;1.523492429742018039e+00
2.059288703694742537e+02;7.450618703482048488e+01;4.426027191679620110e+00
1.324654713774222614e+02;7.501318586659230903e+01;2.972248444698768033e+00
8.030469646401510886e+01;7.552916483942372849e+01;1.789370089826679999e+00
2.068231730772763513e+02;7.448565511382184923e+01;4.417527255597915925e+00
2.074939363274603181e+02;7.436582686212040016e+01;4.922084302468474171e+00
2.348983909215275219e+02;7.327088209696580634e+01;3.675445883515781609e-01
1.279713540161254315e+02;7.497687577085289945e+01;9.781657315142180398e-01
2.078545850270427024e+02;7.439626916124638001e+01;4.947639852349412060e+00
1.942806129126475128e+02;7.319655955753933085e+01;7.123593885479702070e-01
1.164852430571119726e+02;7.526594944067205972e+01;6.327783875148479398e-01
1.393186537692035643e+02;7.476499151876186033e+01;3.506965423865842979e+00
2.053267590855606102e+02;7.334767532624020703e+01;1.559099383352074097e+00
2.124520518485702496e+02;7.327405059379661623e+01;2.048102479108282470e+00
2.088850624879650297e+02;7.436671606080163599e+01;4.561482787505183545e+00
2.034529265271038980e+02;7.378981647945170153e+01;9.509411110450578519e-01
1.223500618599554883e+02;7.545523044360828635e+01;3.018042615448980559e+00
2.093377851578668754e+02;7.437824959960404669e+01;4.930083231059641413e+00
1.219007634107826590e+02;7.544002496515410883e+01;3.014349081996090529e+00
2.043294916127381953e+02;7.317091008276356945e+01;1.860757572558991546e+00
1.029414006683607141e+02;7.535352198920075750e+01;5.399505293109555515e-01
1.368503074043947549e+02;7.485357556101139664e+01;1.051698009417340263e+00
1.998142080103144735e+02;7.454115517976126171e+01;4.158899460417836202e+00
2.392367947135114150e+02;7.262569318768606763e+01;6.291938704541872873e-01
2.314051534462813322e+02;7.272233583952622382e+01;1.583432262368508203e+00
2.103190849650180780e+02;7.436958214490654484e+01;4.467369097166122849e+00
2.413562127096415963e+02;7.293500146475513191e+01;5.701717328453763667e-01
1.143216300526411260e+02;7.461235410502644072e+01;6.580181844128771829e-01
6.249976016711201510e+01;7.555786638800854860e+01;4.185408120640570773e-01
1.220092108249150726e+02;7.521868709910647510e+01;7.528044203511433663e-01
2.112723599815015803e+02;7.437547007097020924e+01;4.556568984070379358e+00
1.183577243371925647e+02;7.458458198962655672e+01;9.786444346968842245e-01
2.288834581774156050e+02;7.330525372142949436e+01;9.308117178517093526e-01
1.306869939449530875e+02;7.527047505277184314e+01;1.955982844595883119e+00
2.414631677346088452e+02;7.386798124279678746e+01;3.604007105832804481e+00
7.326992743358357529e+01;7.547715028414675942e+01;1.392288566917880166e+00
2.203968566116489569e+02;7.356182483097175862e+01;1.032172492627161375e+00
2.477473373795875204e+02;7.307993634159943497e+01;2.173223026806330616e+00
2.298373543784612423e+02;7.283296706355645256e+01;1.810601678564340622e+00
9.430728122411902348e+01;7.562565115162003337e+01;3.482908497512423818e+00
8.980753139941471375e+01;7.504851492746679753e+01;1.691466952911763744e-01
2.119405952466826193e+02;7.425693516914847692e+01;4.519050661372268962e+00
6.424020447192799566e+01;7.628022624508206206e+01;2.082732700104941159e+00
1.025385656199997868e+02;7.562156728199272493e+01;3.811370539802174218e+00
2.383193017037028199e+02;7.334549698081161750e+01;1.291311714860829518e+00
1.142832941377873510e+02;7.530041996550727390e+01;7.778700183594475792e-01
2.124951720972595410e+02;7.429607065312727343e+01;4.550036735748792971e+00
2.379687244592626314e+02;7.272093221955927334e+01;1.978717315131492960e+00
2.283883491667665311e+01;7.640655560429873105e+01;7.273230013118862913e-02
1.952788837932030503e+02;7.398299193714966293e+01;6.489603599388107380e-01
1.214472387488674343e+02;7.535257803706674906e+01;1.954753146369761385e+00
1.909915114088764483e+02;7.451702843949314570e+01;4.569127890441531115e+00
2.130114100366011201e+02;7.382192068466738988e+01;4.528264817994847924e+00
1.983674019147478020e+02;7.310043722414299339e+01;1.189110011536236966e+00
7.937483220346258861e+01;7.551278406293923240e+01;1.269436628133341904e-01
2.134148881502284780e+02;7.343929608699106382e+01;9.737322973731281639e-01
7.882293901682538717e+01;7.587565976680019730e+01;2.908253791836809210e+00
2.168239685865142974e+02;7.360720885680782999e+01;4.931174905378096440e+00
1.997098327589163205e+02;7.427487955397322139e+01;5.795734864268095698e+00
2.335741979447851122e+02;7.295334578427356576e+01;2.372765608472440779e-01
5.829183180323644820e+01;7.622048135076728670e+01;9.312325595894282992e-01
2.138340009590812940e+02;7.342597058373742414e+01;9.149325088061992517e-01
2.338781535634844602e+02;7.299566596098586047e+01;1.044621492975415622e+00
1.918627596153381205e+02;7.405588739554922029e+01;4.600367787173391676e+00
2.198502393307566365e+02;7.347227003530322520e+01;1.453435157054170368e+00
2.209047375291672495e+02;7.353786336170163906e+01;1.022344397322699550e+00
1.603529006998240334e+02;7.457145006834612389e+01;2.163213207035193708e+00
1.138598799758573108e+02;7.544953251771856628e+01;3.128910034747656166e+00
9.482526826581468526e+01;7.504061224040832201e+01;9.053642898937500627e-01
1.188129857256035820e+02;7.556237526297756801e+01;2.988735584347545160e+00
9.276939697306653443e+01;7.576802061940968258e+01;3.790731084158479369e+00
4.986634806465890080e+01;7.627665634618625745e+01;9.021688375055580966e-01
2.218670640868130306e+02;7.355014633468451279e+01;9.409178887427588345e-01
2.234114370069642348e+02;7.395740708457617529e+01;4.471940852850671888e+00
7.459852234465280674e+01;7.579657246549702165e+01;1.811326772540361896e+00
2.238701208498204949e+02;7.402874192041977608e+01;4.440501788708462350e+00
7.483055859621883599e+01;7.586638070186189964e+01;1.922754830849762619e+00
1.959148036907429002e+02;7.352211933701167368e+01;1.027912442721876873e+00
8.081460436080645593e+01;7.600955538902576336e+01;3.351468239812204875e+00
4.581078290302113487e+01;7.595336088389147733e+01;1.885190668986294504e+00
1.943744650055131018e+01;7.616874557318163852e+01;5.405620172748908103e-02
2.243094361068419573e+02;7.404751322192220186e+01;4.428729392943827392e+00
4.786835580724866901e+01;7.597775366504062333e+01;9.760481174630378787e-01
1.339900085864328219e+02;7.443141860068938342e+01;2.283786347766278535e+00
7.336587258725118943e+01;7.593799993202001986e+01;1.427705295121371565e+00
2.248472025626184916e+02;7.389151852534698151e+01;4.437782016610483993e+00
2.252343843836083295e+02;7.403990197827771169e+01;4.522274341479485038e+00
2.308108228119854459e+02;7.298109354624676826e+01;5.683122567836750294e-01
1.334553691306165319e+02;7.529601188469231943e+01;2.736034559073410311e+00
2.268187433193724587e+02;7.333503209976633741e+01;1.372319061303125531e+00
2.442220426806724731e+02;7.311699392181134272e+01;5.414063089940044371e+00
1.883966156176757067e+01;7.672098906295153142e+01;4.719278235193077875e-01
2.274435014301291460e+02;7.338911899965069097e+01;1.100031162393600104e+00
7.877667224473012197e+01;7.624416854173043134e+01;2.652455891405321342e+00
9.292562026583854617e+01;7.517729539134668926e+01;-2.988070416767039661e-01
6.546336616821255916e+01;7.584013605577773376e+01;2.105906635721232156e+00
2.158823880801851374e+02;7.386559431855374669e+01;4.580479634226269248e+00
1.968708718241815347e+02;7.327803587066117075e+01;1.420083296203424883e+00
7.139737656517480957e+01;7.597746029063507933e+01;1.428045065544895964e+00
2.006959196920389843e+02;7.472195634826262278e+01;4.356005765039475008e+00
2.279133215177486136e+02;7.335085609085693648e+01;1.082073487907668552e+00
1.325969856541295542e+02;7.463692618358047071e+01;3.163649867645521585e+00
2.039109673207349829e+02;7.381172318103789110e+01;9.568316672030010572e-01
2.446015461987514925e+02;7.220573817212537904e+01;7.682277350337878286e-01
2.283616458632729405e+02;7.331883438406683240e+01;9.936164438905619178e-01
1.902527197728837507e+02;7.317582181190792312e+01;1.294173821451552353e+00
2.298723479860389034e+02;7.402996569862645515e+01;4.895807446420622711e+00
1.039106189195699983e+02;7.580370024397109319e+01;3.415795245170709649e+00
7.081202485277502490e+01;7.600817727689663172e+01;1.442930292812165227e+00
7.983764761166689539e+01;7.597534493515276210e+01;2.530893570531167924e+00
2.304321652927565367e+02;7.412174959071738556e+01;4.603363610709994447e+00
1.319148727001215207e+02;7.495447683049556531e+01;3.444521738904246178e+00
1.194103883884212109e+02;7.558274057554690728e+01;3.016751429190746681e+00
2.313196505901702551e+02;7.387382880461152013e+01;4.674068897634852782e+00
7.288882212438167585e+01;7.545544214707648223e+01;1.020783854302169447e+00
1.193596991185472262e+02;7.512505729842357027e+01;2.385330302795540369e+00
2.317065220309773963e+02;7.392582656960365739e+01;4.481012551131167143e+00
1.958570325649793062e+02;7.393942636163913562e+01;6.465970771650204618e-01
2.202276881121438805e+02;7.306702710636483289e+01;1.133352938896691642e+00
2.344038546927132813e+02;7.299427990244197417e+01;1.066938420047205849e+00
1.343328819369212113e+02;7.456882933082540887e+01;2.306483623224484969e+00
2.349282200801697229e+02;7.291335074705372676e+01;9.900209483063202587e-01
2.279222805230592144e+02;7.319413446556791314e+01;4.953411301209142081e+00
2.368439111928908005e+02;7.248882320496365139e+01;1.153760827893665075e+00
2.363879109239038598e+02;7.381831628919610466e+01;4.507733118187295496e+00
2.025718795284442706e+02;7.385545527467597537e+01;2.429127497489693144e-01
2.358270458991135570e+02;7.291838865399236624e+01;9.670990910331604962e-01
2.363467296074996113e+02;7.291174836808329474e+01;9.379009323798743747e-01
7.232996380697768757e+01;7.592881710058944122e+01;1.455750785829707405e+00
1.383777229115842147e+02;7.459654791971708221e+01;2.516697654687617636e+00
2.373339629279270753e+02;7.292759045776561777e+01;6.333242747714042942e-01
2.189196022739169223e+02;7.358402493636323527e+01;1.044821369500016806e+00
1.239735507421370500e+02;7.552245681728561522e+01;2.619072082073900631e+00
7.842068378354585434e+01;7.577563820767446146e+01;1.204396654368608655e+00
2.411583393183111639e+02;7.325298848674870555e+01;1.050777838206097270e+00
2.404751966270703178e+02;7.298820992196117174e+01;5.155641574674659777e-01
2.353769448495717711e+02;7.348403795998031285e+01;4.659411093007604698e+00
2.428525038300711003e+02;7.291843024723483779e+01;5.252143124357531168e-01
1.067933067777001810e+02;7.493412263833201337e+01;5.696972154841691838e-01
2.447899093100038499e+02;7.380235827783269542e+01;4.943104851764987373e+00
1.988264720074944876e+02;7.456912636231439251e+01;3.601860073861826717e+00
2.438313091219689568e+02;7.295392712953128012e+01;5.615059231901363690e-01
2.468981414904526446e+02;7.308480032526614423e+01;1.969822837104193924e+00
8.041298744373997920e+01;7.540561910351881636e+01;4.745529508165239330e-01
2.241174279980002950e+02;7.427167932972565723e+01;4.796103269601841745e+00
2.473830312816406547e+02;7.339012048849549785e+01;1.994202517396695962e+00
1.218690195671783840e+02;7.461795834191167387e+01;1.377657101617556723e+00
9.034505964592320026e+01;7.539765378393786932e+01;1.258383258026333773e-01
2.061206894834997740e+02;7.368918194167262925e+01;2.603455657377052312e-01
1.917704818686389956e+02;7.401954697327083466e+01;2.673475922742075128e-01
2.344500532873902046e+02;7.339756255561495379e+01;5.554375115210087310e-01
2.428570212079323483e+02;7.397872831209814137e+01;4.684134533273869749e+00
4.538104793314424512e+01;7.626036542453343259e+01;6.533653779034451770e-01
2.368831809354992401e+02;7.282621905455835076e+01;1.416998173268583905e+00
7.583646788632620428e+01;7.543190471935353969e+01;9.077021776007938580e-01
7.787919167657959463e+01;7.596080929119018776e+01;2.601227016239294976e+00
4.736187934032282243e+01;7.627743195100799767e+01;7.122551623640237528e-01
1.184774387943976421e+02;7.528885059960862236e+01;1.013442676675655907e+00
1.998374680895222468e+02;7.447013606363080385e+01;4.942085193518254371e+00
4.834347964598430991e+01;7.630467752584850416e+01;7.063672644709384496e-01
1.208474705047303388e+02;7.545223538562646581e+01;3.079478226339920521e+00
1.048917809080286503e+02;7.582787984222038347e+01;3.074303926920107788e+00
1.290779724561313060e+02;7.523464554283771122e+01;1.749275153063140298e+00
5.735797628496021616e+01;7.597060524472666998e+01;1.006292109440984239e+00
1.353438501566388368e+02;7.439880328782346908e+01;1.135947268293382884e+00
2.367973137032020645e+02;7.321838845199772550e+01;1.132395509186989946e+00
5.747163715228089131e+01;7.600111057674386927e+01;6.996471733802464010e-01
5.788162802050293720e+01;7.602836402653819903e+01;7.144478946537501374e-01
9.491054775823947409e+01;7.554364895607413644e+01;3.095602570029823752e+00
5.884293304169649730e+01;7.598907390355833513e+01;7.084300792494835353e-01
1.613660336390126702e+02;7.455900659830274435e+01;2.130859735175418823e+00
6.544255648195144204e+01;7.592763316075478031e+01;2.293745035754457984e+00
6.424623394062260218e+01;7.588321961361639012e+01;5.606391914609542004e-01
4.498535156353917586e+01;7.628393840318180708e+01;6.807054104001744044e-01
6.453821510226234182e+01;7.563851547279681142e+01;1.779780855763472891e+00
1.943282545499052389e+02;7.395287371003746557e+01;2.474830690130454536e-01
7.981453880485945263e+01;7.579611141737504454e+01;1.217496515825462700e+00
1.903877774829185512e+02;7.408672401391315532e+01;6.898543339279349373e-01
1.164700696690069890e+02;7.537498596208180857e+01;2.480735618975617562e+00
2.459327704147146392e+02;7.382985748248458435e+01;5.037132016969544601e+00
7.440393137015885827e+01;7.552661120399359618e+01;1.001986486190267422e+00
6.837726250359163771e+01;7.601338701256472064e+01;2.185945787895830161e+00
7.985272055100146815e+01;7.623893153712180037e+01;2.811868281247526635e+00
7.384961395651858140e+01;7.591592362020494988e+01;1.440364055529358644e+00
1.593448281223911636e+02;7.478656951352441240e+01;1.740641655685535083e+00
7.492518369479719809e+01;7.597143502275068272e+01;2.516845261016800617e+00
2.022859823496503964e+02;7.365172913447635494e+01;4.642949214088947230e+00
2.219223137984618859e+02;7.357340723009302508e+01;6.445264253121117948e-01
1.388101443031239910e+02;7.488140617126452980e+01;6.994918578022654154e-01
2.478018629939765844e+02;7.339733088892482726e+01;2.032742371722839447e+00
5.687069822792250307e+01;7.597644704061686127e+01;1.439413703499341723e+00
9.134013505300897862e+01;7.595936322651172645e+01;3.428109109249010800e+00
6.715431579141427676e+01;7.575639718105533404e+01;-1.295543922924470223e-02
2.062285680256929936e+02;7.333794753834077085e+01;7.975417081047498913e-01
7.637431296892330579e+01;7.609973070562944031e+01;2.602164268175464645e+00
1.593530169524678399e+02;7.456829067234768615e+01;2.134480152194581315e+00
4.627364221655517440e+01;7.632519476826885807e+01;1.439945456089402498e+00
2.253110564881405651e+02;7.321684763067197821e+01;1.070452820919925774e+00
2.342756274927822915e+02;7.255122007806591000e+01;1.393416175920152655e+00
7.690495055469526164e+01;7.600226461107224907e+01;2.592934163045181872e+00
1.173818286249921101e+02;7.489969638062233059e+01;9.545115676287607709e-01
1.057399306668774415e+02;7.534749674692052679e+01;9.365391195215920783e-01
1.135036005195630509e+02;7.489790469941829087e+01;9.896629591122326763e-01
1.168325812215028918e+02;7.503907929727157011e+01;3.141985289925031566e+00
8.946711539359495191e+01;7.535332629990368503e+01;1.208502553333788143e-01
1.397624588809025568e+02;7.509997797509015527e+01;2.528300635778675698e+00
9.031720336767597246e+01;7.595185935744855499e+01;2.750751584641991432e+00
9.140251478596054824e+01;7.538579643417230614e+01;1.144033407915674705e-01
6.833650533937503724e+01;7.583400210628084892e+01;4.306916483514511285e-01
2.283581261988427684e+02;7.293895407637836570e+01;9.549944923943194386e-01
6.784022740273582031e+01;7.555741230851781154e+01;1.374420564263631794e+00
4.886063901627183981e+01;7.626655227046488505e+01;6.772924473562688119e-01
7.984104740621847895e+01;7.535749401959931504e+01;4.958392006118156337e-01
9.543031305112569385e+01;7.537268130212163442e+01;4.677465529125857113e-01
9.534620847580215752e+01;7.585817632615348316e+01;3.020122184823277323e+00
9.640655578771770706e+01;7.539236425113357143e+01;5.745497126325767034e-01
7.941417731902573962e+01;7.623426157734549236e+01;2.598231234612386586e+00
9.685322099164910981e+01;7.592101853194301952e+01;3.425455125050799854e+00
2.248771048392424063e+02;7.283650772006488694e+01;1.501526076599835280e+00
9.675974341509339638e+01;7.537033457799364555e+01;5.921817932221188352e-01
7.497017038565027747e+01;7.586347716001365882e+01;2.946558920462573727e+00
2.363191294467278567e+02;7.265413886511787211e+01;7.528450999841270752e-01
4.935833875103335799e+01;7.628304534542887438e+01;8.842012935255394446e-01
7.780412727497953540e+01;7.576271997379352285e+01;6.133807740668723030e-01
1.053398206856837760e+02;7.495595703590092285e+01;9.740858647873423815e-01
1.238320534061562910e+02;7.499138284946830879e+01;9.508256802849280875e-01
1.028332990351826055e+02;7.583073100741412986e+01;3.170432292966320897e+00
1.363285690487344652e+02;7.489993175812686843e+01;6.434259554106038781e-01
1.206739954856337391e+02;7.521630495905938574e+01;8.317995999452776346e-01
1.033595063602623725e+02;7.580568952178292363e+01;3.090138120636151786e+00
2.398537564884370852e+02;7.313449508385649267e+01;4.919500996679025739e+00
2.022934762124686188e+02;7.387437628619170482e+01;1.284340305812553984e+00
1.038919699986727778e+02;7.529429647585159557e+01;4.664227185449061341e-01
1.237896813009720489e+02;7.479331436853182424e+01;2.045619650577136017e+00
1.163983046316128025e+02;7.485346003668725245e+01;1.453467202058659868e+00
1.038160704825309892e+02;7.581314562531110823e+01;3.086581448239364089e+00
1.629122715894951625e+02;7.479545345883813923e+01;2.415505309618055652e+00
1.944001125915656303e+02;7.387985739171237753e+01;5.828234033864538866e-01
1.043572959342350543e+02;7.582863541284162068e+01;3.131586035955843617e+00
1.054030993949195079e+02;7.528371816295373264e+01;9.342329032997291893e-01
1.298298868797157297e+02;7.527512488141584868e+01;3.425678334485865228e+00
1.063982394771243207e+02;7.564631589960433189e+01;3.064663620416459455e+00
2.312665976224178337e+02;7.411099697528435115e+01;4.192859286671533958e+00
1.068103059764696212e+02;7.557656665876079671e+01;3.060060611997089008e+00
1.323401644170846225e+02;7.457571576447629980e+01;2.346735603988897800e+00
1.148814248286438016e+02;7.551349213567888796e+01;3.045913256293279137e+00
2.283758594723785507e+01;7.643556648184092239e+01;4.597800516804355642e-01
2.242985889539052380e+02;7.430089180393784432e+01;4.459679572442977857e+00
7.214336576698600823e+01;7.589743870526545777e+01;2.720561160912998711e-01
1.139862207364042064e+02;7.539209858047276214e+01;1.892926492636679559e+00
1.189405069087690379e+02;7.529748551772853205e+01;1.878564799721717860e+00
1.169268022260241509e+02;7.526001203308463516e+01;1.597088436949318790e+00
2.417688336229562083e+02;7.343766119229607625e+01;5.548452461056669449e+00
1.228815551552130358e+02;7.501886697896097189e+01;1.444097494313773433e+00
1.303430009581030617e+02;7.499498700467697176e+01;3.067618851639156041e+00
2.084797564868861457e+02;7.376315216186776524e+01;8.281415500537483432e-01
1.272339511929470461e+02;7.498295758115423837e+01;1.027056873253644254e+00
1.308955370249701389e+02;7.532500008817301307e+01;2.984263208668567646e+00
1.273733963378963523e+02;7.488990227837632574e+01;2.026665537205408096e+00
6.185356382629679928e+01;7.589470086644855940e+01;1.430746868321063126e+00
2.108372905061082463e+02;7.370755088606810546e+01;4.968759181143732384e+00
1.288949674798618901e+02;7.493205488775990375e+01;1.006419850493007973e+00
1.298567013450195020e+02;7.538886557026778235e+01;2.995559504558204189e+00
1.029013986105268970e+02;7.495492241460198102e+01;9.148576761154013637e-01
1.138874617365492128e+02;7.516599880793214083e+01;2.561870977613176503e-01
1.369789844043112907e+02;7.490412974038217442e+01;1.967143203958107822e+00
1.584226360556414193e+02;7.451828085753824382e+01;2.018183897095972235e+00
1.184920457462011854e+02;7.553629316951739270e+01;2.687286973214056296e+00
9.247998818610673766e+01;7.597958474176643051e+01;3.431772366901275628e+00
2.238607724368916365e+02;7.400261759349209001e+01;4.906672776994499330e+00
2.293531917313180486e+02;7.283496720639629984e+01;1.810302502083177556e+00
1.977991761241428321e+02;7.450398970934632814e+01;3.945581741355542515e+00
1.634007922007239415e+02;7.452137856632766955e+01;2.174489663821980834e+00
1.227727382484024474e+02;7.500583146019442893e+01;6.412102788557909605e-01
1.348227224309213170e+02;7.494113669468083572e+01;2.520099318796224619e+00
2.357438307301696341e+02;7.282913520903012738e+01;2.003207614573865314e+00
2.414415980475991717e+02;7.304289695470437493e+01;7.957346252986804980e-02
2.104067153956391962e+02;7.446221383109489977e+01;4.172995946975190940e+00
1.168587151654951839e+02;7.494305009004152396e+01;1.470700429770485762e+00
1.983123529772124414e+02;7.346702504792077093e+01;1.001416596530972924e+00
1.632848772269284154e+02;7.444302579949020071e+01;1.534557894099671804e+00
1.938989071966767597e+02;7.385181579281217523e+01;5.375667413931565219e-01
2.029494926634354215e+02;7.380054199171149776e+01;9.819689381357470381e-01
9.590364642166866815e+01;7.545626717404319095e+01;8.181892829338468509e-01
2.413183710964139550e+02;7.389216781848398341e+01;4.431267926516024858e+00
1.932977426057636023e+02;7.479332244728522028e+01;4.450517265199132488e+00
1.373637928937957611e+02;7.526967163308377451e+01;2.666130173901222200e+00
1.958185723243921643e+02;7.448394177112028558e+01;4.537502331221713980e+00
2.023463181636422519e+02;7.354304951918241784e+01;1.016869648523105241e+00
2.467768975368577458e+02;7.392262769616425544e+01;4.480249906691907924e+00
2.451341418598594828e+02;7.298587324900337592e+01;6.986673700613639237e-01
1.963424534227139873e+02;7.383109297946020888e+01;9.676086963854275691e-01
2.199734635518391315e+02;7.383659933731243541e+01;4.258570115756536545e+00
1.282580344307325504e+02;7.508662741779217242e+01;7.022659573994662896e-01
2.472753097486387617e+02;7.386036323001567894e+01;4.971326682842090783e+00
2.028845325384381226e+02;7.356389340727122317e+01;9.949110343118162669e-01
2.413718736372277363e+02;7.215352773926251473e+01;6.589100161185649229e-01
2.400930520265117991e+02;7.389306832365797106e+01;5.094973120942515088e+00
2.003931354258122610e+02;7.398058091412960380e+01;7.173094978775087505e-01
2.404467674399811870e+02;7.392644961486172406e+01;5.098315558671680847e+00
2.293676349274563790e+02;7.386249144277671519e+01;4.587303110136286222e+00
7.091189117631711269e+01;7.558410571663925737e+01;1.143178839747717612e+00
1.228981460547688727e+02;7.545334869183514570e+01;3.417139574024197213e+00
2.274972895905865187e+02;7.348700690041620476e+01;4.576377496508072795e+00
2.039170483191365975e+02;7.340608534897722848e+01;1.566134843491186368e+00
2.389146319318938652e+02;7.334322732742866435e+01;5.013402178729001513e+00
6.487473085623165048e+01;7.592161075325731190e+01;1.446901470709728077e+00
2.003400919103827391e+02;7.473235654038562359e+01;4.181845006700463330e+00
2.123911847999874283e+02;7.290746637519579565e+01;1.125737446280472120e+00
2.066982995965025793e+02;7.440668729814180438e+01;4.921026040332204587e+00
2.408730241528477904e+02;7.389011309238014746e+01;4.486345692324314349e+00
1.307967526343986719e+02;7.500371627858638135e+01;3.399490260113640971e+00
1.923176863061342203e+02;7.475879591925861689e+01;4.191952252567463511e+00
1.183398912702922701e+02;7.536451311543035558e+01;3.498755514548454570e+00
1.058727057659195623e+02;7.493786705727703179e+01;5.876920327799577404e-01
2.274895723263894070e+02;7.348312136790498528e+01;5.001240490938910099e+00
2.418413721724436982e+02;7.291959813046547367e+01;5.115783595078635670e-01
2.340104328717637259e+02;7.363610009051923555e+01;3.773480843017940956e+00
4.588948428309383587e+01;7.606566727501414960e+01;1.455430698968417369e+00
1.238284280796430608e+02;7.543048956425495533e+01;3.041768176363121245e+00
2.058523273385542609e+02;7.377816120661350396e+01;-1.478494822328178110e-02
4.679277630989214032e+01;7.607023322583513902e+01;1.398197167748748582e+00
1.958755134857390487e+02;7.472358934362458172e+01;4.837077114372100972e+00
1.190001770735522513e+02;7.571845589530541076e+01;3.058845024846150285e+00
2.038924131412331349e+02;7.354489231913723302e+01;5.741579013224381578e-01
2.283386097091118359e+02;7.341464480388603420e+01;4.681997921441422683e+00
2.437914254325942238e+02;7.313520804753200366e+01;-3.301324936734946203e-01
2.263121082625695237e+02;7.282178897291564112e+01;1.902161755591164738e+00
4.638012529169368037e+01;7.606064965198476102e+01;1.416736208117774343e+00
4.687281416012337587e+01;7.631078419386444978e+01;9.518617760227467972e-01
9.529377254691199539e+01;7.583904174129141040e+01;2.716544050413260081e+00
1.225930609380830276e+02;7.516401164057680262e+01;2.021169230342467316e+00
7.865891123857113598e+01;7.596470964337697751e+01;3.401949297416485773e+00
4.735738260384853504e+01;7.607221025831435668e+01;1.405615832804544718e+00
2.384334462836841908e+02;7.296275334236254650e+01;1.065269362169408707e+00
7.978774554751585413e+01;7.518516421175874598e+01;8.782555204613607946e-01
7.788053772387274876e+01;7.551886718629808115e+01;1.475409291895655173e+00
4.885494776940769412e+01;7.600357370903711285e+01;1.441448414245666498e+00
6.745218852706250345e+01;7.610967191183846126e+01;2.847195093405585187e+00
4.937017491067995678e+01;7.597245519130292735e+01;9.963387397745031571e-01
2.294417847766888769e+02;7.350094005395175145e+01;2.399025153905981478e-01
1.968810565977508702e+02;7.453226675502507703e+01;4.081443247876398672e+00
2.403942857589228481e+02;7.352971071702522465e+01;4.468068853602687796e+00
5.737681202372078815e+01;7.590202735089475539e+01;1.408582368274293950e+00
5.834900450398616556e+01;7.586884638673491565e+01;1.416680760216569190e+00
2.368701834610146761e+02;7.389397162889703452e+01;4.650880575638909775e+00
5.888571785826023586e+01;7.591161114412672362e+01;1.411948439440302794e+00
5.985693042353238980e+01;7.592883444220639433e+01;1.441911737451513797e+00
5.894388037138041625e+01;7.567452102303516881e+01;1.429350577964651592e+00
2.443773327125065862e+02;7.294315226518234851e+01;9.692965173666673317e-01
2.348230540725801632e+02;7.372848064736822948e+01;4.643192413515457417e+00
6.240844788158417344e+01;7.588216178740634632e+01;1.456463035738878808e+00
2.404884321059645345e+02;7.296287831375872202e+01;9.476147422860328184e-01
6.337430369565024080e+01;7.585945760288586825e+01;1.397813711496908251e+00
1.313984403850759008e+02;7.494255443903460900e+01;3.401639172612118234e+00
1.190543384697291316e+02;7.521020228462485591e+01;2.305466219131036887e+00
1.331292483932289201e+02;7.524600287773041885e+01;1.945289462385301427e+00
6.436940242497500719e+01;7.588411601794599903e+01;1.429398360378185462e+00
6.538292962791263108e+01;7.593711045156183559e+01;1.441126807177634195e+00
2.016881110219916877e+02;7.471715669850203767e+01;4.208072603858697747e+00
6.691487467994677729e+01;7.611636194085532736e+01;2.467149031881144428e+00
2.043428644676625368e+02;7.378403688488191392e+01;2.246693217792573860e-01
1.598904050291203589e+02;7.432073025822998602e+01;2.964795784685015256e+00
6.735902837366592166e+01;7.565243094489883902e+01;6.079025420251513712e-01
1.388452949728875581e+02;7.461196623648612558e+01;3.434364968075604096e+00
6.793844987339240049e+01;7.605608447596361543e+01;2.859595669517633443e+00
1.915074738923469795e+02;7.432126013482006499e+01;4.262463756261015035e+00
2.388616878891099873e+02;7.246093676623267754e+01;1.126435210556887334e+00
5.986303616528603300e+01;7.590947386854143986e+01;6.975495842008917480e-01
2.287920140382925922e+02;7.347105476436738059e+01;5.049731313500585905e+00
1.064532376193632928e+02;7.578866007026013563e+01;3.435554296573325672e+00
7.035429846934115972e+01;7.595358409147256395e+01;2.863370092853993132e+00
1.388998530858375204e+02;7.491466331911652787e+01;1.969919538963990746e+00
1.324028756103510318e+02;7.538698257650509049e+01;2.968511558700525299e+00
7.536916632430660457e+01;7.595321563901616457e+01;2.944827101884559095e+00
6.993529164883290150e+01;7.586136376882465981e+01;1.931874455040389904e+00
7.591348298040803400e+01;7.603764629962772403e+01;2.982659936771767661e+00
6.191547341470779031e+01;7.578700542429668019e+01;7.291504440098285356e-01
2.214415084239352325e+02;7.372962208360107184e+01;9.047897620770222193e-01
9.690787707206035861e+01;7.553159155620724619e+01;3.426073672874441645e+00
1.215240339234676554e+02;7.540854161481051676e+01;1.746813039692481473e+00
1.613532340353064001e+02;7.479145526802174970e+01;2.488202332850195653e+00
5.774024575387228708e+01;7.621356359962013016e+01;7.598037684418191828e-01
9.238808827178928595e+01;7.509141666287372630e+01;9.327885543599652163e-01
7.738153401772463269e+01;7.542571379108132135e+01;4.628022220510994988e-01
1.613351895477987625e+02;7.436541747663864044e+01;2.908854367775622229e+00
7.841524765766048688e+01;7.541789464214754446e+01;1.044270409861107529e+00
9.733872087727750966e+01;7.552531496641935860e+01;3.426109385850181877e+00
2.238024050229012403e+02;7.423181159523404915e+01;3.760192850484856297e+00
2.423620034930897589e+02;7.308690746195735244e+01;5.360424782943788991e+00
1.338331701331801469e+02;7.504173397754223629e+01;3.026750428894996237e+00
1.173610908065211333e+02;7.500330070398534588e+01;3.123727028761244640e+00
7.940108829149471603e+01;7.584267435278181324e+01;1.995127168746683388e+00
2.176163495794932317e+02;7.356246952825176777e+01;4.938421505063234740e+00
1.223932193968691990e+02;7.510174153201005254e+01;3.470422551341260320e+00
1.348285688399938635e+02;7.500881358544394573e+01;1.990933040481459138e+00
7.984725360415791329e+01;7.582515807853056344e+01;1.949083822882466288e+00
1.618926782018197059e+02;7.439905584407107142e+01;2.892505847143323816e+00
8.085835205661089731e+01;7.540220267839291068e+01;9.414057064297955968e-01
1.188535974136624134e+02;7.461371766118627136e+01;1.013048299058564972e+00
8.094395453975603516e+01;7.548817876730700505e+01;1.310318089801303154e+00
2.197681748198694436e+02;7.361932925595598931e+01;4.198013542288779654e+00
9.627114650466195656e+01;7.531072413859554615e+01;1.379008148241549492e-01
1.923283945904773304e+02;7.403576066945683465e+01;4.640280228560487608e+00
1.393798521127882850e+02;7.497857714513213523e+01;1.622155153186033427e+00
2.180849625291695020e+02;7.259860326266304753e+01;9.975675765922279448e-01
7.601722702650521057e+01;7.518238801499938972e+01;3.389780350016014521e-01
8.184295142346299201e+01;7.536684324281634417e+01;5.295922449509402608e-01
1.278886239234741282e+02;7.446723329680709469e+01;1.122469286072005357e+00
7.019128808727157320e+01;7.560571189546240589e+01;2.030063927531970958e+00
2.443256802569577246e+02;7.234772954936912015e+01;1.069085853706973399e+00
8.234039797289831597e+01;7.602975173080703541e+01;2.984126417683695021e+00
7.135900725769558051e+01;7.593860544134712143e+01;2.179986519911441878e+00
8.908853508658610565e+01;7.535597660542785547e+01;7.816340159266738086e-01
8.941903090521367403e+01;7.535243517156332871e+01;7.889999242971110771e-01
9.042528632752723183e+01;7.531578179314055888e+01;1.046756918158952665e+00
2.026884117898612203e+02;7.471996821204832884e+01;4.400263444853713679e+00
2.418275226042215422e+02;7.294431884454283477e+01;-2.827859700520415354e-01
1.368555106920420599e+02;7.416862389360257168e+01;9.429501205220800486e-01
2.137709023116149183e+02;7.295856032940447733e+01;6.417273760639898850e-01
9.088849022498510521e+01;7.586896530686539109e+01;3.446980015776956119e+00
1.364878901832500162e+02;7.470827520647071651e+01;6.981236768511759339e-01
9.189167342584229914e+01;7.530001794770190315e+01;9.915702646646659124e-01
1.623722614692680111e+02;7.480033159015576416e+01;2.457960528922095822e+00
9.222811940080812576e+01;7.530714186564948420e+01;9.729992682561162676e-01
2.433758866069372004e+02;7.248410638026817310e+01;5.826645909361066744e-01
1.194191840696576747e+02;7.524110064437670076e+01;5.637076456997978102e-01
2.190471415584001846e+01;7.618514273936433767e+01;4.392544637857693224e-01
9.285269660876642206e+01;7.533348776908464117e+01;4.212330608339512339e-01
1.642305242743713620e+02;7.471872858541267703e+01;2.905614361935132894e+00
4.489807559001251036e+01;7.639868891066105050e+01;1.113458300976363224e+00
2.323365421148909320e+02;7.289361011044310601e+01;9.537916659955520959e-01
1.263181706411820215e+02;7.507792899746628734e+01;3.005212849334491843e+00
1.980538733101549909e+01;7.631722090716637297e+01;-3.277522494878352122e-01
9.285822293587476395e+01;7.588711853194017465e+01;3.594367723369074952e+00
9.384764648798892495e+01;7.590089628484652451e+01;3.488526339090892492e+00
1.601350096390079045e+02;7.497819107850162368e+01;3.591402031316516030e+00
2.068300964181754296e+02;7.361897158050211942e+01;1.057255348995080224e+00
2.019397282904462543e+02;7.386079618706241945e+01;5.586821373921625478e-01
2.233768021309128073e+02;7.425967682283281590e+01;4.564113377950404171e+00
9.589533068480955080e+01;7.587237170044085133e+01;3.458861760402570873e+00
1.918618537795904899e+02;7.478541371702543472e+01;4.215077487973183601e+00
2.428476579009129637e+02;7.218523082195667939e+01;1.299017074395553362e+00
1.223263915444935463e+02;7.500827462438412851e+01;3.128535497444238977e+00
7.757759616214607945e+01;7.575135714949853138e+01;5.869170397640325332e-01
9.736156332249254319e+01;7.582919360493208671e+01;3.427667046847040933e+00
2.387241544660388399e+02;7.300878821251554029e+01;5.628061960425519983e-01
1.918856158459088874e+02;7.418243475367745532e+01;4.253522287737224516e+00
1.033177206094502765e+02;7.581567711504905560e+01;3.465630134838222354e+00
7.931374741142232665e+01;7.551231080306614274e+01;1.945675913033555915e+00
6.386736028278043165e+01;7.559743173952702477e+01;1.070005986104357154e+00
1.048662403504688001e+02;7.493317442142202367e+01;9.631266577622983327e-01
1.297296566428504150e+02;7.490861128021434467e+01;2.307740082377047752e+00
2.320027048740705595e+02;7.267511519421240962e+01;1.930053396046702563e+00
7.136714076860357636e+01;7.594464382787967338e+01;2.868465692309616344e+00
1.063843895605108401e+02;7.552167703344231597e+01;3.512933805555415123e+00
1.068278666839583479e+02;7.544312944813999877e+01;3.452527805819520790e+00
1.138549027677857310e+02;7.536320211109550371e+01;3.476962815822321140e+00
2.296571172456941099e+02;7.430343296832786848e+01;4.249579793862141130e+00
2.353706604503740323e+02;7.248256720289884925e+01;1.098920164294959090e+00
1.914404685792976011e+02;7.478639560720917245e+01;4.497024364308609634e+00
1.187991996815349722e+02;7.529565786245038339e+01;3.468478503844739880e+00
1.158643382772743990e+02;7.489785626148120912e+01;1.496674875897270551e+00
1.167463505775132830e+02;7.533696795709562366e+01;2.379460267828823028e+00
1.203094907946246366e+02;7.539704971404624700e+01;3.436479870877407361e+00
1.233521783783231172e+02;7.488118801957452320e+01;1.504601842161905845e+00
2.282851930699773675e+02;7.270418524199322974e+01;7.195183620531732105e-01
1.178580469513591993e+02;7.547516527145978671e+01;3.442113245419936352e+00
1.928235948299717961e+02;7.388068241602456965e+01;1.317872850960101871e+00
1.198282123463922062e+02;7.520060836551482453e+01;2.316359904268964431e+00
1.209385506149522058e+02;7.495485626116659716e+01;1.561045609738573425e+00
2.224146512072905466e+02;7.395405286741431894e+01;4.606470313806796391e+00
1.213357992968132066e+02;7.505900732645476126e+01;2.345876075038070496e+00
2.378523104679338189e+02;7.319661420213218150e+01;4.624245334954146358e+00
1.258037223403954101e+02;7.535973829984898487e+01;3.418461756846428390e+00
2.294622088359766963e+02;7.269169112040954417e+01;7.643129350306623326e-01
1.183530070064810644e+02;7.550288661304990967e+01;3.022892086949991342e+00
1.263595423527669084e+02;7.533635240516500176e+01;3.446722505951844262e+00
1.969707727983956147e+02;7.328657742853825141e+01;1.817699858082553410e+00
2.428713908497115312e+02;7.307304163356556614e+01;5.038185335953491162e+00
1.267999306576053726e+02;7.537772441735599216e+01;3.406774364580329006e+00
1.172526214880078186e+02;7.513078629929070473e+01;3.406998041989419246e+00
1.288579626669593949e+02;7.529829949748089746e+01;3.438816784224385525e+00
1.983685022205769144e+02;7.442115885336325221e+01;4.918217667861824793e+00
1.293643619062155778e+02;7.531045951540522765e+01;3.372919302310544598e+00
1.303426120711317253e+02;7.495657064099764000e+01;1.556961741249336617e+00
1.623545850572927520e+02;7.454260165607472288e+01;2.191404565151291450e+00
1.273631229353847516e+02;7.471118408021342816e+01;2.885845854913704489e+00
7.585950905735700189e+01;7.549020149535000712e+01;8.110072165978009229e-02
1.308508891138278329e+02;7.485666983525058527e+01;2.425769600436605611e+00
2.378944607611767594e+02;7.329334921055604468e+01;2.041323886150193667e-01
1.315322293104071605e+02;7.525600115713407945e+01;3.459950713583983095e+00
2.033896752829861043e+02;7.386522395750337466e+01;4.639566695950429143e+00
2.463422292449808424e+02;7.396499811975814964e+01;4.509758854469550826e+00
1.317545051104960407e+02;7.525127709542854859e+01;3.453469281797071133e+00
2.000065629527778128e+02;7.386715996888364089e+01;1.339280044264402170e+00
2.433907354332542639e+02;7.215997896201430706e+01;1.111418452500824161e+00
2.404126336590990718e+02;7.346765115499249532e+01;3.453390118692369004e+00
1.324830487546107065e+02;7.523527031601624060e+01;3.360878059828542153e+00
2.293701468887253156e+02;7.332952242817839306e+01;9.954729110087050525e-01
2.404129006944866092e+02;7.353180117394522597e+01;4.099101905328617512e+00
1.329356708738126258e+02;7.502829048058811168e+01;1.611475908772975085e+00
1.328790296629157410e+02;7.494134320576006303e+01;3.389223624078589570e+00
1.358490010433538373e+02;7.491653449120693153e+01;3.430407230740045943e+00
1.954424070607516342e+02;7.399547248408353539e+01;4.991605067837928900e+00
1.359022646180647200e+02;7.531348668751654429e+01;2.967002457007123173e+00
1.358944924833128312e+02;7.489689199328736890e+01;1.543205076743148219e+00
1.148722148749176881e+02;7.554576108773225940e+01;1.880534190724055144e+00
1.140322018218734570e+02;7.518821508951391763e+01;2.405747090615386163e+00
2.058569825320129780e+02;7.443582380543875843e+01;5.000511760698155506e+00
1.369637733463372911e+02;7.485003832973265503e+01;1.560608865820992897e+00
9.398950548401333549e+01;7.574867458234439255e+01;3.813140727076511194e+00
1.373944248779186239e+02;7.496962964826248310e+01;2.472996783563088385e+00
1.378095747575981989e+02;7.495822985806825045e+01;2.478247313998515278e+00
1.378486780338353697e+02;7.490655592021832376e+01;1.590685979847897169e+00
2.424441837362608112e+02;7.211020525370339840e+01;6.053838241084497085e-01
2.009238837785132716e+02;7.312466886969089330e+01;1.413726197425429154e+00
1.383341288131516365e+02;7.499017194594323144e+01;1.594567686183942401e+00
6.336331489403194439e+01;7.559997655222872481e+01;1.043790856878940243e+00
1.389964580163193091e+02;7.495072024620031925e+01;3.473741207574303047e+00
1.373780764863720378e+02;7.444657555026513762e+01;1.500005456178731045e+00
2.399130353366353177e+02;7.301997803404734100e+01;2.051988534767281713e-01
1.071695529622460299e+02;7.463845037433594598e+01;5.512822486046357051e-01
1.343169190224326996e+02;7.456297774814341039e+01;7.405117329348593902e-01
1.393212180154419002e+02;7.500301836863270921e+01;2.515453451781791028e+00
2.093900294804590771e+02;7.384556215949362468e+01;4.991011395502612302e+00
1.317147642946524684e+02;7.448739466205833537e+01;1.147862617337885416e+00
1.588978530621066341e+02;7.451618381867619689e+01;2.515062904263734911e+00
1.988178499697229995e+02;7.425643469088346649e+01;5.623039099007004715e+00
1.608609088539382412e+02;7.436779091246771145e+01;2.922823622101993646e+00
1.623857754122375070e+02;7.436239786012808395e+01;2.897358437539224951e+00
1.378284949953853129e+02;7.443482811905259666e+01;7.094048350874883058e-01
1.628513156545318168e+02;7.444188592802564131e+01;2.891994672183411108e+00
2.313571378057327195e+02;7.249724454465378187e+01;1.169727024440998742e+00
1.629064116709452321e+02;7.479998721489759816e+01;2.152230124368400332e+00
1.903365890752865823e+02;7.385562486244741365e+01;1.419768620291613326e+00
1.345090120824233111e+02;7.491048228833155065e+01;9.855029584088682570e-01
1.918375335927162268e+02;7.449388165980077758e+01;4.934517681153276492e+00
2.204292493881846724e+02;7.363470036315293044e+01;6.050550176459782437e-01
1.907665046259662631e+02;7.386585773615175299e+01;1.412051142456463682e+00
1.298054558916995234e+02;7.444210982040819147e+01;1.144879236795296462e+00
2.413603698040968197e+02;7.391165777645119306e+01;4.085976775106706427e+00
1.919268515742091381e+02;7.384342571768443975e+01;1.349341464648509126e+00
2.338205409100670806e+02;7.302520603400054711e+01;6.294295654381563132e-01
1.948587392720410492e+02;7.460309766882460281e+01;4.180137147220713167e+00
2.284176882258260264e+02;7.412829892546460542e+01;4.171373461339472399e+00
1.923541147351326401e+02;7.385683883876519928e+01;1.331773050495005384e+00
1.598990225931370617e+02;7.480070375843445163e+01;2.445253713288652264e+00
1.938867495613844767e+02;7.456999803816303540e+01;4.826274551867483886e+00
1.978055277695340237e+02;7.448566645999503066e+01;4.874203402507891525e+00
1.934688541867403160e+02;7.383447100375909145e+01;9.751061988637844680e-01
1.963785680366539736e+02;7.443319793206542556e+01;4.564043170328442756e+00
1.232387381301629858e+02;7.446808508011100969e+01;6.425338332508239159e-01
1.958739444912238241e+02;7.383452630717610532e+01;1.347411685797172964e+00
7.600877333373296096e+01;7.629230971387076465e+01;2.941737395038382274e+00
1.934225486045070284e+02;7.450362186147688703e+01;4.841759295856920886e+00
2.409038182768448735e+02;7.299722565828193410e+01;9.227254367230746102e-01
1.988115641406371878e+02;7.445728654126730817e+01;4.893567080524598545e+00
1.994051447401125188e+02;7.443611232018963619e+01;4.896211246091929148e+00
2.416880141866595011e+02;7.217143597949673506e+01;8.128378862044983721e-01
2.331529729186261335e+01;7.618667076397039750e+01;4.717787527301179895e-01
1.886316926669366367e+01;7.618637659245632676e+01;2.390443306393518208e-01
9.435791609281083936e+01;7.591820020135065761e+01;3.038665404526207592e+00
2.130136546939572781e+02;7.336452192031467234e+01;6.416789212803414300e-01
2.360492605501848686e+02;7.325498346234893177e+01;1.252046371383850554e+00
2.053809914204131530e+02;7.309467398945987782e+01;1.502812710327059431e+00
2.008462313588823349e+02;7.448613461388406165e+01;4.914885614527811697e+00
1.293461966772360086e+02;7.465662375221572233e+01;2.336282487310164413e+00
2.013866905928406936e+02;7.443951855427721398e+01;4.863315882444955385e+00
2.038838379037461550e+02;7.446077905303228306e+01;4.975146261789940461e+00
2.298017664957162083e+02;7.387116590485969425e+01;4.445964186004509600e+00
1.366775913889715071e+02;7.468017633060719618e+01;7.203538314107607032e-01
2.009215311819019121e+02;7.369430834686488652e+01;4.742202820175299038e+00
2.033567643351788945e+02;7.356787017182330146e+01;1.045598312666872198e+00
1.333324067738081453e+02;7.420646667736394875e+01;1.121365342506287277e+00
1.218026383884065922e+02;7.539076752150874938e+01;1.990217077632641551e+00
6.878115869499657720e+01;7.622945644511432306e+01;2.456965334862060590e+00
2.038708668580012500e+02;7.354127491682378093e+01;1.012373943743665405e+00
1.213165368387418113e+02;7.500322514554383702e+01;6.131169122328258281e-01
2.438365658024864331e+02;7.305288550974410100e+01;8.922560297980008936e-02
2.053592773924493429e+02;7.444212132075990951e+01;4.879265008192819941e+00
7.944290309348716050e+01;7.516138839968967034e+01;7.030740294301984772e-01
2.063778784657144172e+02;7.448600250552728141e+01;4.893608091664748194e+00
2.404735587606270713e+02;7.404348710571453296e+01;4.572069196726648244e+00
2.368606556515015029e+02;7.410042720899672020e+01;4.135247898551190460e+00
2.022925545108604979e+02;7.454676196650596864e+01;4.193635228246707314e+00
2.408063570340360684e+02;7.395180061856062537e+01;4.987530882793653753e+00
8.184458720251802788e+01;7.622257431947787154e+01;2.680175693169164042e+00
2.412910840980612761e+02;7.389897339395727727e+01;5.022981846619027912e+00
1.163144820081092092e+02;7.499489476760120965e+01;2.318334008924511469e+00
2.429206912841808901e+02;7.293329111847104684e+01;8.743176101322449600e-01
1.068044736523093121e+02;7.486321412097743178e+01;9.449289297264517051e-01
2.433986327382033323e+02;7.287258316096085764e+01;8.963403184813211189e-01
5.032805166193612934e+01;7.601320664472319777e+01;5.531237875603001175e-01
2.278840695322866736e+02;7.428234487444032652e+01;4.994943825000238036e+00
2.023553316122185208e+02;7.472765330361339409e+01;4.456477176570008858e+00
6.287871007745903995e+01;7.594230710228882231e+01;1.071793268061867144e+00
1.226786496445230625e+02;7.525616008534420587e+01;1.927611724243601277e+00
1.054219141975340079e+02;7.513985253760422722e+01;3.143167264083706058e+00
6.727212267875660245e+01;7.624069978464648045e+01;2.222053736467237695e+00
7.487236513521847314e+01;7.569226076116780177e+01;1.779858978291569471e+00
6.785073012504456358e+01;7.593111978802753015e+01;9.229669057976167545e-01
1.138162438255542241e+02;7.509005214528504268e+01;3.346899112367843099e+00
2.122811397949257639e+02;7.413517203466454930e+01;4.458563231242727021e+00
7.133133677693216157e+01;7.598995033852331460e+01;1.167081824959921077e+00
2.258846946178580311e+02;7.348883307625146699e+01;4.977392331225511946e+00
2.249444149650955751e+02;7.323400301319875894e+01;1.124527515330961513e+00
2.034525904186010905e+02;7.376643972228318091e+01;1.773574561126628257e+00
2.059861413377465453e+02;7.417301521680028031e+01;4.098591619133662434e+00
7.384084277987628298e+01;7.605868911170701097e+01;2.232825206935840967e+00
7.439190025486202273e+01;7.578876251116467699e+01;4.565782754768681340e-01
9.679037638562533630e+01;7.504071745450485764e+01;9.028407289564130966e-01
1.638378486792321098e+02;7.412914445056696877e+01;2.888933177937565766e+00
7.531683902894047833e+01;7.558033964699667706e+01;3.480891400378752221e-02
7.836022717388264880e+01;7.551601959518998797e+01;1.274005903317816102e-01
7.885646262917001081e+01;7.557836924435133596e+01;1.048352422589610977e-01
7.933312177269255017e+01;7.543714901200830525e+01;4.659678682579662667e-01
4.638436101944468248e+01;7.595732482023940690e+01;1.875336127112716245e+00
5.066234643171305407e+01;7.584495312510505016e+01;2.141889357129326821e-01
9.082608816805122842e+01;7.538838297798882593e+01;1.335252581857628296e-01
6.671646590942567911e+01;7.590366988132176118e+01;1.029300583274006531e+00
6.657822520170655878e+01;7.612290638029809031e+01;2.126793093668316814e+00
9.180941880922557630e+01;7.540401640917232839e+01;1.731404682342957135e-01
9.244728629109422968e+01;7.536450481334520646e+01;1.046007639048276566e-01
9.387856137057409001e+01;7.503754651368106465e+01;1.395234740246712735e-01
9.032808504054462162e+01;7.595366576584463303e+01;3.417499895521132203e+00
1.053598826744437815e+02;7.541036309384942626e+01;3.441305982817164821e+00
2.042220685171699301e+02;7.333999223614793550e+01;1.966424362342931609e+00
1.275024650546523759e+02;7.536235097851185571e+01;3.386218236415219796e+00
8.092047872417455778e+01;7.574445632790742877e+01;3.637037827864731954e-01
2.189300419626222194e+01;7.618229062608519087e+01;1.552480706507941288e-01
9.284649559397401219e+01;7.538052035228882630e+01;9.503606357476565569e-02
2.129393461503730975e+02;7.338149529819207828e+01;1.024506577212066949e+00
6.591717007314356636e+01;7.563616194860642850e+01;1.448969086264150441e+00
1.180285603013520728e+02;7.523253641363598376e+01;6.374978909955923978e-01
1.637122462296214565e+02;7.477193491314031348e+01;2.526538442500171122e+00
1.394185931792582380e+02;7.463529225789142174e+01;3.420971288210865602e+00
9.431633079672886311e+01;7.535440716456361088e+01;1.707796396695940577e-01
1.984694857879804601e+02;7.392179611508555581e+01;2.726930641359414098e-01
1.632101597335526222e+01;7.647979867402470688e+01;4.889893698823208346e-01
2.464775844176250246e+02;7.329801621014682667e+01;1.577917121931067035e+00
9.778457504719729343e+01;7.591912724311782767e+01;3.015456156989372971e+00
1.144368282583142928e+02;7.549570172632662945e+01;3.514073558364156025e+00
1.938988177557475012e+02;7.314120749795429788e+01;9.589783367347998189e-01
2.418334740749395735e+02;7.352035203800525665e+01;4.073838115203036736e+00
1.999437910676580259e+02;7.356661928146208140e+01;2.335865250085174427e+00
7.327754206553404970e+01;7.584117474334829012e+01;2.144805040240557403e+00
9.793037061581624414e+01;7.585241344389187645e+01;2.646939220766417300e+00
1.044553626861087423e+02;7.528566834434279542e+01;4.889048818895226356e-01
8.092601932434780565e+01;7.575219976236749631e+01;2.139904434223871277e-01
4.393367201322332249e+01;7.648060627659826594e+01;1.500997584058157086e+00
1.068977365876169756e+02;7.579352670176474760e+01;3.002169864048557457e+00
2.043859156608187959e+02;7.356130004814882284e+01;6.031688498968731382e-01
1.199017884195820187e+02;7.462451169105665372e+01;1.022263058899631982e+00
1.134371116201723453e+02;7.515133510464711719e+01;2.552438334566505818e-01
1.313517320795900787e+02;7.444387402746147586e+01;1.131059918671986964e+00
1.159793193725430740e+02;7.533858870773201488e+01;1.097024981715365666e+00
2.373776976422131781e+02;7.251237445477292454e+01;1.084011478713871490e+00
1.162682602900160447e+02;7.532570741549061211e+01;1.007573964324429250e+00
1.163549342155944260e+02;7.558173536134508197e+01;3.037912124020114568e+00
7.446200900723751204e+01;7.545837376076985947e+01;5.675331870255327926e-01
7.344358837412660534e+01;7.538970997372386762e+01;9.627901266339805586e-01
2.003409059477184542e+02;7.472966913700632574e+01;4.459623596171621074e+00
1.170104691487075854e+02;7.522150169252132912e+01;1.055832965246501942e+00
1.174903395649870959e+02;7.501911294670350117e+01;2.341619487646482700e-01
2.112318584020233629e+02;7.322893175796772880e+01;1.426551155202275378e+00
1.233786174136323552e+02;7.523209967142662435e+01;9.212076419315117226e-01
1.923815345124130545e+02;7.336315686871455455e+01;1.098099544090255231e+00
1.188558433517788586e+02;7.502626974109205094e+01;6.099340767556926668e-01
1.993753816769585399e+02;7.339568339461467872e+01;1.077382555557837795e+00
1.024537135288498177e+02;7.586306606249657136e+01;3.419957437058287031e+00
6.656960397957254827e+01;7.634374123791981503e+01;2.427409826470249943e+00
6.034791978472301821e+01;7.584654478187214011e+01;6.942004598173464602e-01
1.197457615939352422e+02;7.528546187179004789e+01;1.661861569846236897e+00
1.199124465357382689e+02;7.504399688752771169e+01;6.153570876501094356e-01
2.456049600764749812e+02;7.306724604509589938e+01;1.549800146239802556e+00
2.437376105202497172e+02;7.317562250375405597e+01;5.408590243263698305e+00
1.603108976842260063e+02;7.413261161358879292e+01;2.845554410689425939e+00
1.343571040086936534e+02;7.497157518459742676e+01;3.084812493419478496e+00
7.638745571897929665e+01;7.516827994708036442e+01;1.039273169968943922e-01
2.038955408478181539e+02;7.344515149398729648e+01;2.487209265717116757e+00
1.219127553187774851e+02;7.542103720030230818e+01;2.735837580930332802e+00
1.257719349851692101e+02;7.549964785772435505e+01;2.585837097706125576e+00
1.263092846462661782e+02;7.540269245632197226e+01;2.735859813027613718e+00
1.949960065105705809e+01;7.616792540838243042e+01;8.939816004123709581e-01
1.363934878826711952e+02;7.485059626521922382e+01;1.009931341035623875e+00
1.274277354507485995e+02;7.539851472425124257e+01;3.006155992441315039e+00
1.988836097819851148e+02;7.339811590664709229e+01;1.890703539943360934e+00
8.022937009002691866e+01;7.575530638405739126e+01;1.742370037999315668e-01
9.635347156101389032e+01;7.538754263558945468e+01;8.753659028550558885e-01
6.439366300262162213e+01;7.563588717577053444e+01;1.421179896862184266e+00
2.119020114112319675e+02;7.384700902258484234e+01;5.083264722946015723e+00
1.283383831597950859e+02;7.498485381244128689e+01;1.001668089704404352e+00
1.299144543101755289e+02;7.538155914335125374e+01;2.690665682533742054e+00
1.327905256220830665e+02;7.465879348010702188e+01;4.263614530448833206e-01
2.079750029917264840e+02;7.452514531392620256e+01;4.199048501133014533e+00
1.315695319172234861e+02;7.536317985290337162e+01;2.757970717485574763e+00
2.018749645172243277e+02;7.390659566229452082e+01;4.649863522981585895e+00
1.317918114942495720e+02;7.535855442054490538e+01;2.751547942792338830e+00
2.358001120477227914e+02;7.326713555165382274e+01;1.291718632096147346e+00
2.093665931871003636e+02;7.361613221121524475e+01;4.661561772650055779e+00
1.168941600076619522e+02;7.461564661796671771e+01;6.431537301177123744e-01
1.322894109485278591e+02;7.502144684400602159e+01;1.629817203081848742e+00
6.736686845915764366e+01;7.557805324744629161e+01;1.135384406173927552e+00
2.425174416877192130e+02;7.394530600676817755e+01;3.982223433324484141e+00
1.928472208833372008e+02;7.316973961351844480e+01;1.011868701492291356e+00
1.338143931556951429e+02;7.530451304480912711e+01;2.663237592016687305e+00
7.496622498085963571e+01;7.543504091938903855e+01;7.592387059022727425e-02
1.353987418857051921e+02;7.454163595189896796e+01;2.073784165457485340e+00
1.958430123767110160e+02;7.455787351318447520e+01;4.155142808744617611e+00
1.950140666242998861e+02;7.474373615476210375e+01;4.148329647848551183e+00
1.358806716154811625e+02;7.489338540605977812e+01;9.974132095625979355e-01
1.368582078565933102e+02;7.532303699326610058e+01;2.729031170969346221e+00
2.194015580683314965e+02;7.348192240255596630e+01;1.488918748462104258e+00
6.737844819030311783e+01;7.589234608205065058e+01;1.077252988591533622e+00
7.036301787781027883e+01;7.602556331882082929e+01;1.443955099322112190e+00
1.373834778366327214e+02;7.495793679855734126e+01;1.624197904165478157e+00
1.385272737179314220e+02;7.482393435828321060e+01;6.857642504893356472e-01
2.379392741788925321e+02;7.294178156987450734e+01;1.009013314827883923e+00
1.211234483181340522e+02;7.521887903981088641e+01;8.520056808401601511e-01
1.584509115811677020e+02;7.500955828667846959e+01;3.218020276728603690e+00
1.587826703161255466e+02;7.455484396425454463e+01;1.416272233875414566e+00
1.298830127729130481e+02;7.459960530382564059e+01;2.043169644817628416e+00
2.158901373801615762e+02;7.358820854356304153e+01;4.912672965558761540e+00
6.835992036672594452e+01;7.624684275302168146e+01;2.465362631337455479e+00
1.589357656263423735e+02;7.482333607845451695e+01;2.145238044470486827e+00
1.598749625797774172e+02;7.482141109298957815e+01;2.064100291699371592e+00
1.398881395094859101e+02;7.530686633984424816e+01;2.785227879997991263e+00
1.637121515078776497e+02;7.476859477278176769e+01;1.987755766067031304e+00
1.608770614432913533e+02;7.481288089186189438e+01;2.108597297757297984e+00
2.214341618002652297e+02;7.377168226867055978e+01;5.383752657809559139e+00
1.248561363267141502e+02;7.483595328530330448e+01;2.349474522821823452e+00
1.617967889774427590e+02;7.479302890392881409e+01;2.067512089500242123e+00
1.623631538331905801e+02;7.479321116158129712e+01;2.153718657479364307e+00
2.288773784783298311e+02;7.298102733829990996e+01;9.859012675222971200e-01
2.438501124163362022e+02;7.289867889582770033e+01;9.250302508868198936e-01
1.608230817669787598e+02;7.481198635693850463e+01;2.531840715386839413e+00
1.918780672208675924e+02;7.477728504017591149e+01;4.470061897139065543e+00
1.269837849376662575e+02;7.507450345510402201e+01;1.598713229475147157e+00
2.023111273133617090e+02;7.402982494525885215e+01;5.276538644750847773e+00
2.089320108193643932e+02;7.364939245511378374e+01;4.667787631296658191e+00
7.741624887229239960e+01;7.626504182674817400e+01;2.671608949162597391e+00
2.469638083558676556e+02;7.297112531518810385e+01;4.357566716491091618e+00
1.220352425600185029e+02;7.532972199944784109e+01;3.837315861713447962e+00
1.036022846639707922e+02;7.564018922180436277e+01;2.733128000411809033e+00
1.927966441694132413e+02;7.478803222946592655e+01;4.437411248253228635e+00
1.381855916083142972e+02;7.465130027658597101e+01;6.601797247128743384e-01
2.294363437250331970e+02;7.415745854357248845e+01;4.129200789982300002e+00
1.028718528322899459e+02;7.580790469478380089e+01;3.484094011653529499e+00
9.483137579551838314e+01;7.497567033734993913e+01;5.260425335383681622e-01
1.933684054749383279e+02;7.459859172517955983e+01;4.160805351201978475e+00
1.608801625430918136e+02;7.454973255098384755e+01;2.156673629251341762e+00
1.943921618659436774e+02;7.459440881260397305e+01;4.123231037807118859e+00
2.377885677725105893e+02;7.338124119747860163e+01;5.726820128663984155e-01
1.964295333794336784e+02;7.453531992625683245e+01;4.103950359877443610e+00
2.273751363691512779e+02;7.266470987300158413e+01;1.561035733699640771e+00
4.587209543067454121e+01;7.635414134349539950e+01;1.411658360460663397e+00
7.989896288856633078e+01;7.554287201456064338e+01;1.510562895191722932e+00
2.119481838056226479e+02;7.340079274716161706e+01;1.140752896555681017e+00
2.413468631309007435e+02;7.342747727812920289e+01;4.523691327744968405e+00
2.003341386197190275e+02;7.452827120037343889e+01;4.191468066628686095e+00
2.098358922912414641e+02;7.439316837298576957e+01;4.202540490073801038e+00
2.003777935916479294e+02;7.389046941358768095e+01;1.016792029076088788e+00
1.323135676112798080e+02;7.502016572896204138e+01;2.009126495296349457e+00
2.404675623392450632e+02;7.394505760215206180e+01;3.735393637417271151e+00
2.019044085702542475e+02;7.456361791069774370e+01;4.185356799558304530e+00
1.157382550977200282e+02;7.528265089079114603e+01;6.675515123338791046e-01
1.938422403333414366e+02;7.361628307938040905e+01;2.636356739815104433e-01
2.083588888174822387e+02;7.385109703072131992e+01;5.005750880368176503e+00
2.034131007033975038e+02;7.383130112615108942e+01;5.205291055541200196e-01
1.324279004196991991e+02;7.442618706872295320e+01;1.459068738905815232e+00
2.038854459801313226e+02;7.383464144358184456e+01;5.688596538281960324e-01
2.044272735023860719e+02;7.382821568403637968e+01;5.728503590492542985e-01
2.068557174827156473e+02;7.452765103386840906e+01;4.184027536936975267e+00
1.253661833130073688e+02;7.534892747105861588e+01;1.708298544585872492e+00
2.074832395263620697e+02;7.435406618474766560e+01;4.544016659284293880e+00
1.288723436369750459e+02;7.496612378179280256e+01;2.046971737070422126e+00
1.258647162364878653e+02;7.502902481273824264e+01;3.423845571488404183e+00
2.383087225118777610e+02;7.387170882334896760e+01;3.757535038348897238e+00
2.103908817333489480e+02;7.290052810387588522e+01;1.425566093605486584e+00
2.079088322761161862e+02;7.437409323321939780e+01;4.560901725660413852e+00
2.417951174223044291e+02;7.388270294902052626e+01;3.966287835306575360e+00
1.309302462575011816e+02;7.534452189309780579e+01;2.694859728401695964e+00
2.419411840902594690e+02;7.388807858744949897e+01;3.628291683240921994e+00
2.433187012249510417e+02;7.302930585988343637e+01;1.472246820295719794e-01
1.273519383928694140e+02;7.439943271912019895e+01;1.170271215238131157e+00
2.459438678103611267e+02;7.399965672856944821e+01;4.556067216667091913e+00
2.464822432421143787e+02;7.328973835581254548e+01;1.078413728644426861e+00
6.734272091805408422e+01;7.559992499217111117e+01;1.785757707698993890e+00
5.837051580618648927e+01;7.594730630788070869e+01;9.763148204241564043e-01
5.028489194095141812e+01;7.632721713321879520e+01;1.995208537731326448e+00
2.009584867997115225e+02;7.402655286615524233e+01;4.274855279264094143e+00
2.028386732267793207e+02;7.456695462694455045e+01;4.185605927460670728e+00
2.200672708193093285e+02;7.376309674501914060e+01;7.487940430391847313e-01
6.689693163637303996e+01;7.625039588475178221e+01;2.200314277335451152e+00
2.460897367263691535e+02;7.391733770729216246e+01;5.327063468876002794e+00
2.088976517875880461e+02;7.441593344524164877e+01;4.991095135116617953e+00
6.811635477676210826e+01;7.572209371016678858e+01;-3.506256269958862304e-01
6.786728706969348934e+01;7.630123478475387344e+01;2.458133886809571234e+00
2.018608555804134141e+02;7.346247136026607905e+01;9.825322718061346716e-01
7.099688189513872771e+01;7.606942080229603675e+01;2.207408574343582508e+00
7.429905349566395500e+01;7.565026032749909746e+01;-1.992418941347157829e-02
2.363010546069833993e+02;7.337930942732810990e+01;6.591230485093920732e-01
9.372414061151235387e+01;7.503220137630285080e+01;-2.594918378369469036e-01
1.987603155977579092e+02;7.405956050714272010e+01;4.245046890716091426e+00
8.093971580376189934e+01;7.572806225379169121e+01;9.894371597675584162e-01
7.489698891298425565e+01;7.578338031403153252e+01;4.406979425100184256e-01
7.536477094610212646e+01;7.576299950750082246e+01;5.351722975623663947e-01
7.585583359347739929e+01;7.574527688696912264e+01;4.476325189636293223e-01
2.378103943145198969e+02;7.329833787503577014e+01;1.020738199273954372e+00
8.122554527994201123e+01;7.573792612570322547e+01;4.147101853796361648e-01
7.083639671198397991e+01;7.595272993509033199e+01;2.519418193336115053e+00
1.362233057822309661e+02;7.487470620621715511e+01;2.065896724229488335e+00
1.353202656984027499e+02;7.493503302342953987e+01;3.045228541075728934e+00
8.142161808409221635e+01;7.603395243666837189e+01;2.931436225307566534e+00
2.423813059504568059e+02;7.357622534128250891e+01;4.076542305623723550e+00
1.043120049008722674e+02;7.530186259746228927e+01;1.310160648341687217e-01
2.048109667901726993e+02;7.378443628585063152e+01;5.355898319289976728e-01
2.332307316200912908e+02;7.376930712979380189e+01;4.825078600816923746e+00
1.303966331467076145e+02;7.463122495684262958e+01;2.378761356575615604e+00
8.183762151110913408e+01;7.603578289367604270e+01;2.633264347732055644e+00
2.344720225671213711e+02;7.337342159447732115e+01;9.430783670740905400e-02
9.387991066214362945e+01;7.595081400001568284e+01;3.052556914101703711e+00
1.259933145404646808e+02;7.508579587119524490e+01;1.356710623850818420e+00
2.338108017068605307e+02;7.336084654244328362e+01;4.984291897576514252e+00
2.354380489253524047e+02;7.332251597102249718e+01;4.836557403395573274e-01
2.139997764555590436e+02;7.357743189255864991e+01;4.244620884119025384e+00
1.038407696338424984e+02;7.470624441448200059e+01;7.779712382931958103e-01
9.684374911516329121e+01;7.541714603493295499e+01;2.550750233491887453e-01
1.143763814654665367e+02;7.549586056002935663e+01;3.065029531442704958e+00
7.445655357377825112e+01;7.514369428155468711e+01;1.164478289737789635e-01
1.174695129212850162e+02;7.554609530974937570e+01;3.088796348998740893e+00
1.180074193475839195e+02;7.534995891974178051e+01;1.625360711851687956e+00
2.094525003005693407e+02;7.411223083980848969e+01;4.129955901865590917e+00
1.183529158786535334e+02;7.535557902147971276e+01;1.687099171552585153e+00
8.066980271055312812e+01;7.556718340840322412e+01;2.981734929916152854e+00
1.278558696329102560e+02;7.465185837533799429e+01;2.354274843443179055e+00
1.183775754570903302e+02;7.495650165284212108e+01;5.755892865205987086e-01
2.211644487321152326e+02;7.440306141929806927e+01;4.619411985566330259e+00
1.262693978751013475e+02;7.490148090692144933e+01;6.124582676449152885e-01
1.933829343043572635e+02;7.396568540494409660e+01;4.601080645322137563e+00
1.270959296443701021e+02;7.522683266180794703e+01;1.660855889490159498e+00
1.332670364263007912e+02;7.466129268785336137e+01;3.118004623527227626e+00
1.998862647991554127e+02;7.311139546604179884e+01;1.216926781654652512e+00
1.308392956452289013e+02;7.496866266765330522e+01;1.684287430920650808e+00
6.387816666571177393e+01;7.628594451036956059e+01;2.435337156381126356e+00
7.494694742223764194e+01;7.563542308482426790e+01;2.546765152885225980e+00
2.184965252476084459e+02;7.289070537918181003e+01;1.531213748211847081e+00
2.254079310085125769e+02;7.291296214951346144e+01;1.887806770258363853e+00
1.318413285251348270e+02;7.504305427254324456e+01;1.694835553704723718e+00
8.029522882143972140e+01;7.581556486997750710e+01;1.502624592536587089e+00
1.348577643848057050e+02;7.501133608306713541e+01;7.380331703065096116e-01
1.353246744302053912e+02;7.497158443025770680e+01;1.624443442391247494e+00
2.124508713589535773e+02;7.341780832982482252e+01;6.929509668403096567e-01
9.139087792341771888e+01;7.508512455291796073e+01;9.212680812665295926e-01
1.291406731688849163e+02;7.532111163439729751e+01;1.961439562589483598e+00
1.357984929968448000e+02;7.497087247313939429e+01;6.575800550297231650e-01
2.425110016711729202e+02;7.325986368025178308e+01;5.315891051220049235e+00
1.378364185541269364e+02;7.490812737865142878e+01;1.085655642391068820e+00
1.384024677635597413e+02;7.486853324628161488e+01;1.019611914561911137e+00
1.928525388766701383e+02;7.335908152901318147e+01;1.351179767090978201e+00
1.048270413133012937e+02;7.587928867651488929e+01;2.755637157448526331e+00
1.613346507375335932e+02;7.479909105971060512e+01;2.093615273327200654e+00
2.163861834837838387e+02;7.423618968178820410e+01;4.982352164435978281e+00
1.915093840978813091e+02;7.482893735726884188e+01;4.186026993094300153e+00
1.928079538208556016e+02;7.478242031369681797e+01;4.163102217021136475e+00
2.323515557448564266e+02;7.304295812373463548e+01;6.868509567019529527e-01
2.282809668628478050e+02;7.342704369639902495e+01;5.331245500383753999e+00
1.947603710876747982e+02;7.400654452374449477e+01;2.344055555314297212e-01
2.477567019271558024e+02;7.231127845909526286e+01;2.249713689176042308e+00
1.963873943703916893e+02;7.387213941858293254e+01;6.128115303541756820e-01
8.235678497317520907e+01;7.512023663043868282e+01;4.557371368262107536e-01
1.973165334370538346e+02;7.446856868785006611e+01;4.109255704972039069e+00
1.253006297009481216e+02;7.534480009433337955e+01;2.519870582639867962e+00
2.318523624698611911e+02;7.259449025519511167e+01;1.488927449904936751e+00
1.972913545005989704e+02;7.389683366342508464e+01;2.001694995356756157e-01
2.053689375467604918e+02;7.353736017019801352e+01;4.868787919070242665e-01
2.008770347749477878e+02;7.335366569934026870e+01;2.011034591422390605e+00
1.284712421445919688e+02;7.498445611091457863e+01;1.497515232068603153e+00
1.994110940053453760e+02;7.396677856573596443e+01;5.002485265052492913e+00
1.987306260152588777e+02;7.451015877801559384e+01;4.003372399490363165e+00
2.032779508635718457e+02;7.382819109637804900e+01;1.569493596357757759e-01
2.053878568278025796e+02;7.456970590181904868e+01;4.149245206044438916e+00
1.132283962086154787e+02;7.575170296716601115e+01;2.972509158437274479e+00
2.059138870016069234e+02;7.456812981434745780e+01;4.162100042754223850e+00
2.075530828854935521e+02;7.455275421800178037e+01;4.174904658393245427e+00
1.270885419740976658e+02;7.523046948731959560e+01;1.961154624532255752e+00
8.277226470068978870e+01;7.533314472642044279e+01;4.852779556702929709e-01
2.293870066944838015e+02;7.295564099565730487e+01;9.645765570362980768e-01
1.304110285521767594e+02;7.471299949127735829e+01;2.924212006030474598e+00
2.083747350976846064e+02;7.452003892528098561e+01;4.247634534047873167e+00
1.614062765854135364e+02;7.417912245230098733e+01;2.880560145513864079e+00
2.093920061425883432e+02;7.433467599599325126e+01;4.225083850308206657e+00
1.943613822640942317e+02;7.451044150475468086e+01;4.483305861641530221e+00
2.379746932370609258e+01;7.618666374400724806e+01;1.324924949436714350e+00
2.108678165560777416e+02;7.443207756453024615e+01;4.165085926186393728e+00
1.253243830450222021e+02;7.534576030935251367e+01;1.926041896832968225e+00
1.332367692129977286e+02;7.497120617518378083e+01;1.902096939613138860e+00
2.348161838954920313e+02;7.386932591931693537e+01;4.158773237540542844e+00
2.449004520558016793e+02;7.308069752622495230e+01;5.209062211529009723e+00
6.816893048059552029e+01;7.555111448619851444e+01;1.403299737531357616e+00
1.363516936589122395e+02;7.456430613504321059e+01;2.415373181110726630e+00
2.111949249461983982e+02;7.438307464588874041e+01;4.111196279232332884e+00
2.015427092077284215e+02;7.365494519501103809e+01;4.704795680758229182e+00
2.195061969239307302e+02;7.365901311011482733e+01;7.072364844169879428e-01
1.299555302968807382e+02;7.476015071626316910e+01;3.367708852036688238e+00
2.198966768554137445e+02;7.357811627601341797e+01;7.073496617747169202e-01
2.382360981946468712e+02;7.327092801506053377e+01;1.403074568968035174e-01
2.213883644572198648e+02;7.362110016850202499e+01;6.558991369749432865e-01
8.186693067076267027e+01;7.511111582529875363e+01;4.598954379504872070e-01
1.347293564669252248e+02;7.490023356635940388e+01;1.517982262466010424e+00
1.208826152726806669e+02;7.497377132703444147e+01;2.435517390686495087e+00
2.222242531563245791e+02;7.356744435631209456e+01;5.896026899174547919e-01
2.344969313798938515e+01;7.618532673161448088e+01;1.290950382191022650e+00
1.844884622912162087e+01;7.646973238920365645e+01;5.249329968696366810e-01
2.052765602815865407e+02;7.379204352525006527e+01;3.319531772758835819e-01
2.235504331947358025e+02;7.430868330447161441e+01;4.171204745242119039e+00
1.968214529358059508e+02;7.314327478362483248e+01;1.211189754757464154e+00
2.242929482933032830e+02;7.430961492017854653e+01;4.133556366364442347e+00
1.053736334712765057e+02;7.492841445707199455e+01;5.927718248217249686e-01
2.262861837145056541e+02;7.426888479694362388e+01;4.179576253009014586e+00
2.446448850349135000e+02;7.362680618072594996e+01;4.916616771455060153e+00
2.263794967190612226e+02;7.360558445324932109e+01;5.951776975327867092e-01
1.038841614445352377e+02;7.488620958347206624e+01;9.433032193091086537e-01
2.278992829709386569e+02;7.422946363891898613e+01;4.056452605547027801e+00
2.279318521417770569e+02;7.348168349812868883e+01;2.441568031948812278e-01
2.437183336178920712e+01;7.642918955181087881e+01;5.347582552897840458e-01
1.038654424532236504e+02;7.531061710699256651e+01;9.047453101531556241e-01
2.001070931958081758e+02;7.373085203683527311e+01;1.156458715367304935e+00
2.049026976404931304e+02;7.336710563057566503e+01;1.480585443826461178e+00
2.287937251264118856e+02;7.342343630345004613e+01;2.074306795835050010e-01
2.362253678863204129e+02;7.386264721853477511e+01;4.027394115308854161e+00
1.202192412365062637e+02;7.461148265209942565e+01;6.014874862397560085e-01
2.375124602260677875e+02;7.333312352658475675e+01;5.718279129606748112e-01
2.098928816949764951e+02;7.385387384958775669e+01;4.929652727336457652e+00
2.393714000935499655e+02;7.406539948781180271e+01;4.082621358487716456e+00
1.303234601457943711e+02;7.458636733272491881e+01;2.008946646023074489e+00
2.083735718687231611e+02;7.440018773197269297e+01;4.999595718159938862e+00
2.396242483599903323e+02;7.405354346913335917e+01;4.041162337303138230e+00
2.409063736333172017e+02;7.394034771214106172e+01;4.126062253450454520e+00
2.415474511326237348e+02;7.318797008166109208e+01;-2.298011741326220492e-01
2.232613039703654678e+01;7.641189553885560315e+01;1.795287613302160301e-01
2.195202314288019636e+02;7.394818047565674135e+01;4.909600639807845113e+00
1.043975932207393669e+02;7.467999799710834452e+01;6.125642528052192004e-01
2.422918105800958983e+02;7.323645816331026026e+01;9.249295216691180016e-03
1.243085049364530619e+02;7.532118049774044266e+01;1.980619815572379094e+00
2.433368155756380418e+02;7.309242508338644484e+01;-3.823331662754499427e-01
2.025339948685278273e+02;7.381151777846318396e+01;5.699338527323596360e-01
2.478484395683343848e+02;7.245915198224444964e+01;2.538769825299167060e+00
6.687424281401089843e+01;7.631438231437961406e+01;2.457118585497600538e+00
2.391517020214883757e+02;7.333179373191454431e+01;1.369604138937056570e+00
1.393546607895285376e+02;7.438633548529512041e+01;1.465525634884264905e+00
6.730170382488883263e+01;7.631931169478482957e+01;2.462356585815653087e+00
6.985366322516399862e+01;7.597766600208235843e+01;1.427332969057234724e+00
7.442142083620322524e+01;7.588395154031307754e+01;1.426301822525057217e+00
1.328925760137465488e+02;7.497500986030181025e+01;2.687898413511814688e+00
7.484110638855906927e+01;7.585399315503461537e+01;1.452179176401829919e+00
1.329021282565252022e+02;7.482158259616166163e+01;6.380145207932412799e-01
2.406060874140989085e+02;7.219663552841203114e+01;6.856790511818855460e-01
7.567863750700516334e+01;7.579583009004832661e+01;9.634472086072233266e-01
2.188469795839793903e+02;7.284573264367999457e+01;1.527946074473118587e+00
7.628819303216643277e+01;7.577013056087368170e+01;8.397116634815933178e-01
6.947666841326655174e+01;7.568200653459757632e+01;2.409850771741751885e+00
1.368679806099658549e+02;7.447355885800537578e+01;2.048864974401679362e+00
7.839381777173893795e+01;7.592174580007547036e+01;2.884507411954258860e+00
1.188942924329833630e+02;7.506242986529140637e+01;3.155195455003889204e+00
1.048718494521721851e+02;7.542736442694348398e+01;3.413582920702188606e+00
1.961097756658472804e+02;7.313383028722168433e+01;1.145315878244356878e+00
7.935725170772444415e+01;7.591153264773726050e+01;2.928819695498215747e+00
8.182705365782305762e+01;7.598389899143771231e+01;2.950976752389219637e+00
1.258731036094665825e+02;7.461608688615339702e+01;1.984370835688250567e+00
8.235880924730516028e+01;7.536390932885332461e+01;4.989776161248822839e-01
2.038815750068846171e+02;7.308174834945816656e+01;1.499565527164928191e+00
1.283281335528273246e+02;7.485545264948433442e+01;2.424978601001276601e+00
9.384493617480886485e+01;7.535012245087052918e+01;3.843485192722801563e-02
2.383582546886523801e+01;7.618565001248005331e+01;5.173993619929169174e-01
9.553350060073202599e+01;7.546075481629100068e+01;7.871237693199242269e-01
1.052238537446121995e+02;7.525269981932260066e+01;2.067015142735426914e-01
9.829091661366665278e+01;7.592905916731128002e+01;2.939081834035528473e+00
1.029145315828745453e+02;7.535641244120050430e+01;8.795897131107122124e-01
1.348209466647359989e+02;7.481794624256851023e+01;3.535559738509201466e+00
1.043163871281847861e+02;7.579928559242847541e+01;3.445417108118073557e+00
1.140470409462900818e+02;7.553285937841272357e+01;2.572710492986048259e+00
1.988533230400080072e+02;7.341163296121342796e+01;1.163591135338891025e+00
1.273895376242097939e+02;7.484060771358679176e+01;2.419472430032673316e+00
1.233202882275610790e+02;7.539058464356027400e+01;3.375451937997502760e+00
2.248696629514161316e+02;7.285142401486844221e+01;1.853191812193980326e+00
1.143264727224817392e+02;7.528478267217565190e+01;1.573749339726208119e+00
1.160324114083911127e+02;7.531303543331634387e+01;1.371434739996253649e+00
1.163132276047670501e+02;7.551216309273571881e+01;3.449791381631091891e+00
1.174334089628442115e+02;7.544851147062560415e+01;3.465952049512612820e+00
2.219510342253547606e+02;7.372490193747250942e+01;6.987961203345324224e-01
2.456679376681975668e+02;7.221143065901280522e+01;1.390906737507283220e+00
1.194284690854043305e+02;7.536085121354528837e+01;3.400828827664065468e+00
7.787981324393537363e+01;7.577378556985102875e+01;2.256648122814791435e+00
1.208125546293247794e+02;7.506798806061253515e+01;9.435883950206108706e-01
1.398634545810954535e+02;7.530243488337751501e+01;2.645432047465183789e+00
1.213046808328344781e+02;7.545099627938211029e+01;3.373490794044898156e+00
1.243652189111963509e+02;7.535501251670426370e+01;2.994859147766926188e+00
2.467843575624665675e+02;7.380670711326843048e+01;4.865911156782907199e+00
1.289644514529701098e+02;7.522906167426890534e+01;2.094429818510605390e+00
1.337975884899401535e+02;7.533336586601906504e+01;2.977973290629472913e+00
1.385077341455454132e+02;7.419550637538709736e+01;1.046670465236706704e+00
7.836932088467341373e+01;7.563072585097286549e+01;2.594334940549188229e+00
1.382922064620519222e+02;7.497867471532524064e+01;1.966375252491067149e+00
1.622825691384849449e+02;7.480697976812774641e+01;2.805225123900132012e+00
1.924482187907527191e+02;7.387787956023124991e+01;5.883061989776220413e-01
1.588826763574728034e+02;7.440974780481893447e+01;3.039444116979372890e+00
1.313253139851333344e+02;7.452012420826115147e+01;1.488856396803150295e+00
1.203673090611885357e+02;7.505215360143640169e+01;3.399771449409966451e+00
1.633511573119605202e+02;7.476289627738333365e+01;2.426937738361329089e+00
1.914092719272371141e+02;7.478304369810422259e+01;4.870606169182936540e+00
1.242272291819920582e+02;7.459783387841518731e+01;1.157848434298701878e+00
1.918476914905338333e+02;7.476596666512382683e+01;4.869002166975283430e+00
1.923320464833927304e+02;7.475495449829067240e+01;4.897356787895774666e+00
1.978996418543515858e+02;7.381305506219588608e+01;9.995732462603337254e-01
2.043833413985879588e+02;7.378754104678647252e+01;9.754871537759365330e-01
2.058998866138540507e+02;7.372403678604473498e+01;5.404429839673443592e-01
2.237716175970867383e+01;7.617938129773818901e+01;1.457171741266497511e-01
2.061375560790699808e+02;7.363346838468144995e+01;6.338674201242346928e-01
7.624073827655348623e+01;7.578767793277430087e+01;1.373454553118144406e-01
2.067802720690441731e+02;7.413608106601962788e+01;4.118922856434036994e+00
2.107323283868649355e+02;7.433267106120102596e+01;4.815201338879858461e+00
1.162371405573531717e+02;7.525186386515534309e+01;1.390242518690678386e+00
2.208694963461230714e+02;7.343190503999275620e+01;1.398828895876482514e+00
1.153479148556589848e+02;7.550601915711330037e+01;3.424057391522051130e+00
2.218185533899666666e+02;7.347542837879278466e+01;1.350754434657708059e+00
2.222488650779069985e+02;7.359435453495223101e+01;1.288137903582039057e+00
1.969447585996874182e+02;7.409376147081194119e+01;4.256349265556278461e+00
2.264011736665301839e+02;7.337946586750500444e+01;1.374820048126126792e+00
2.371233407837129050e+02;7.404340283439606196e+01;4.665201886775802720e+00
7.184872897419772642e+01;7.591333375886823376e+01;1.436079823693250379e+00
9.582301184388140314e+01;7.554515062609348774e+01;3.135113947868072515e+00
1.068345025164403950e+02;7.576687083340306117e+01;3.356225488785613109e+00
1.203542910569736080e+02;7.453056685862912900e+01;1.007329801357436327e+00
2.374673353160584099e+02;7.332564828711366545e+01;1.127043698751537537e+00
1.294388256244405966e+02;7.442086089060776999e+01;1.168209141489113145e+00
2.380688988145262215e+02;7.335757151076586524e+01;1.331971810805337775e+00
2.423495831679452692e+02;7.300772777822082560e+01;8.864755697979738169e-01
2.463705302631048824e+02;7.330828722621903637e+01;1.935580085423751706e+00
1.159559554149729053e+02;7.549965007563118036e+01;3.448335344269664926e+00
2.024956815314328651e+02;7.346474163814562530e+01;2.212159789497646356e-01
8.239222275215195168e+01;7.563965559573532005e+01;2.923859388047957086e+00
6.837459606186628491e+01;7.624562980674387802e+01;2.244470132231964232e+00
4.896153115472014150e+01;7.591447584195759646e+01;2.326191055242560757e-01
1.584311458681509919e+02;7.445672019077149173e+01;4.000069783770586085e+00
7.783496183798446566e+01;7.548445424020182770e+01;1.028423129364441774e-01
1.999056124886815553e+02;7.334719930803761656e+01;1.588934128383026945e+00
7.837106324592923556e+01;7.591887784877161494e+01;2.552156296399639146e+00
2.468641264962570858e+02;7.327134974568051007e+01;1.321902834677657124e+00
7.890856050373371033e+01;7.591846968556181707e+01;2.568628173961480243e+00
7.990472451920561525e+01;7.551179000127208951e+01;9.985856244336240028e-02
1.586969819019230670e+02;7.498272554660157141e+01;3.369312324482687249e+00
8.222439694205655769e+01;7.584297950542652700e+01;1.504987932087236135e+00
8.280934020226685277e+01;7.600205357213278035e+01;2.961631879711709825e+00
2.172837564897138236e+02;7.352522762939425149e+01;4.700997003043967837e+00
2.087173102709496959e+02;7.375361037414292298e+01;7.984215603776507741e-01
7.157083720115016945e+01;7.621578451339334492e+01;2.665729485899624329e+00
1.159510431043800480e+02;7.551318032226456012e+01;3.111454442477683102e+00
1.248032833543884550e+02;7.540155364280361994e+01;2.998047236333007959e+00
9.540741183522564484e+01;7.499696863759434962e+01;2.099812406825195821e-01
1.618203598699876125e+02;7.477747365875394792e+01;2.418637020476582578e+00
7.169844217694864597e+01;7.593573085194358896e+01;2.870615467260988929e+00
8.179687608615422789e+01;7.623004795865138306e+01;2.848587374576997178e+00
1.153987186627900456e+02;7.480919261083815286e+01;1.343817953284344169e+00
1.923485027740405826e+02;7.480862609177030720e+01;4.448412046980122270e+00
1.933758589609755631e+02;7.450945297138687806e+01;4.460124761957142248e+00
2.048479400887522957e+02;7.298729449711524353e+01;1.120597581870106163e+00
6.678637231544890085e+01;7.582576523440653204e+01;1.438895593839975895e+00
1.978728603434080640e+02;7.385183467737020635e+01;4.686452036291596235e-01
2.014472659382603013e+02;7.390164357241545190e+01;4.665962721840208438e+00
1.064757861540905139e+02;7.526255776740562453e+01;2.121092225935577724e-01
2.237719364412116363e+02;7.427726425586318726e+01;4.387630794791857802e+00
7.936666146621607254e+01;7.551375455372367185e+01;1.517729698741029365e+00
2.259895427819838289e+02;7.334369375146991388e+01;9.461255903968904812e-01
1.176624673314711202e+02;7.495316353628697925e+01;2.740099231974253979e-01
2.263609084638761431e+02;7.349185556944765096e+01;8.920122102567424882e-01
2.283299849060469455e+02;7.397661218666495131e+01;4.493723146661070089e+00
2.279212952559039138e+02;7.339789585590274612e+01;6.276144391969596947e-01
9.325450859102932100e+01;7.529174084741502782e+01;8.123727890998073686e-01
2.283707239647230267e+02;7.344141325524147135e+01;5.535518878375651486e-01
2.293913938741490597e+02;7.342703682707680457e+01;4.965225044693840628e-01
7.776211346689061088e+01;7.514157875821940991e+01;1.396113419673066236e-01
2.363412817473472387e+02;7.329051112062651896e+01;1.060244478514793531e+00
2.403746941059979747e+02;7.386815075730139313e+01;4.112308335047726082e+00
2.407948967799003697e+02;7.327278056311746468e+01;5.992075240751602028e-01
2.419211544361823769e+02;7.298010645561393517e+01;1.007752510104232696e-01
2.447905061952145331e+02;7.299133740278264781e+01;9.693821922498125909e-01
4.836250896419584677e+01;7.596847013969424722e+01;1.001647199849288628e+00
2.477866654769283059e+02;7.342193856606259317e+01;3.563401232853890654e+00
4.736304290811352757e+01;7.598146200031351327e+01;9.919836440312002068e-01
1.363263776518538464e+02;7.444845913546399174e+01;1.383745566892099488e+00
2.208547595543112720e+02;7.351342664776510105e+01;5.035829312898040477e+00
2.462929037891720725e+02;7.255961939278688533e+01;1.920499976019584665e+00
2.478028048396053578e+02;7.355290435546456251e+01;2.991936872697041228e+00
2.033614801173423245e+02;7.329140094127568261e+01;1.871111344199513082e+00
2.481374219906562644e+02;7.352944120622525759e+01;2.517793426616955266e+00
8.058577350218922675e+01;7.574396297650761767e+01;3.349714811605771225e-01
2.418115842646410556e+02;7.318238712286860448e+01;4.151661483822961962e+00
4.520714205420215137e+01;7.639210184856298724e+01;1.878616643319504398e+00
4.747694063732861025e+01;7.631767358700325588e+01;1.391290270667728146e+00
7.979384652136489819e+01;7.536618657627961682e+01;9.184427274605602154e-01
4.881248003798529567e+01;7.627078164738499311e+01;9.949670525389513465e-01
1.243714394049046916e+02;7.502753280993113094e+01;5.700319596968442815e-01
5.027437814332113675e+01;7.630121721152895020e+01;1.371578420094653250e+00
5.987402017535227827e+01;7.566463555013400821e+01;1.378670059432618444e+00
4.934950906627170042e+01;7.629048478424857649e+01;6.736514565322667680e-01
1.928791125942496762e+02;7.434049628853340153e+01;5.490075848714194962e+00
6.632255209432199194e+01;7.587967712936384146e+01;1.412132427277383862e+00
4.644568411549629872e+01;7.613497849111820415e+01;6.455012560778821129e-01
6.822974138319180781e+01;7.570074357952735511e+01;3.483076688020151908e-04
1.027144821809726096e+02;7.489979890532870854e+01;2.265009780268888162e-01
7.136876468611836799e+01;7.599171922356735820e+01;2.536411720961763816e+00
1.313273182114893700e+02;7.467194936714663811e+01;3.066787382970835640e+00
7.177359782370977825e+01;7.606754905822704416e+01;2.452445839072396438e+00
1.918451100343112614e+02;7.339411396685456168e+01;1.376030319454025763e+00
7.686079756915736994e+01;7.540655737948081594e+01;4.667892601784581208e-01
1.979742960185723462e+02;7.395373925722995523e+01;1.996940252191745369e-01
9.434073075899409844e+01;7.507149403763435203e+01;1.261887256584182659e-01
1.367911653003901336e+02;7.491352604577662078e+01;3.083404843105216564e+00
9.139859484511049459e+01;7.537109860361218239e+01;5.126151654492321352e-01
2.034310693209632461e+02;7.348008481301985739e+01;1.455737119565612137e+00
2.317006930085876206e+02;7.320331533667376789e+01;4.651061814763067126e+00
2.073665150339919307e+02;7.395127258806783743e+01;4.624247291519202996e+00
1.018710447283258418e+02;7.591429913561577791e+01;3.374660688640472195e+00
1.048703374918681845e+02;7.580085120360250528e+01;3.472200780681690357e+00
1.048806614320456276e+02;7.528623281272555801e+01;9.339938668218173978e-01
2.366442168922597773e+02;7.332158584008394087e+01;4.884420986536262888e+00
1.065426237161472045e+02;7.529609694558774891e+01;8.572682531757387370e-01
2.062061779983553720e+02;7.322933656300942573e+01;1.463623495679604813e+00
1.137148604264365730e+02;7.538426641584028687e+01;3.927947726226220571e+00
1.134951713375144919e+02;7.500360704662200817e+01;5.544852567112373842e-01
1.328898125530309073e+02;7.497765789837377781e+01;2.032928797228913620e+00
1.343977321545507380e+02;7.500460628163132526e+01;1.964098352668710357e+00
1.224629428120026517e+02;7.529878345474683954e+01;1.375479919090929926e+00
1.958566352012202287e+02;7.472352707307068442e+01;4.233285043383295587e+00
2.477791248932979045e+02;7.270909897042358239e+01;4.110194318205498298e+00
1.348927121592378171e+02;7.539004314520576600e+01;2.918139041772681352e+00
2.393249368872199625e+02;7.387820616184885125e+01;4.585231993982597842e+00
2.428802949424872395e+02;7.404959931863055544e+01;5.154114493033814526e+00
2.432924978933041302e+02;7.400382791314039821e+01;5.148627910127340890e+00
2.074097856943790248e+02;7.387889420969834475e+01;5.022406649297193049e+00
2.473550268448289273e+02;7.337456584188618081e+01;2.336111107000010456e+00
2.481296422910313879e+02;7.349700076224767997e+01;2.915283482243349322e+00
7.245158425642657107e+01;7.586487241683533966e+01;2.526550043108470867e+00
2.390804398898564997e+01;7.642407293079821784e+01;5.215302199079682177e-01
9.438151061012572995e+01;7.525790258804772748e+01;8.215947289536627007e-01
2.318886294270437247e+02;7.281968061043275497e+01;1.454772324073460021e+00
1.938870738441910078e+02;7.351150109503420538e+01;6.107019827193389538e-01
2.364704843631403719e+02;7.253694110993303923e+01;1.795389636241806919e+00
8.991159916564301113e+01;7.545327257435718593e+01;9.432991861731654382e-02
1.948289659778553187e+02;7.359930178342889917e+01;2.026124612132744751e+00
1.018953917752260452e+02;7.589607536801483434e+01;3.150739414609060596e+00
2.476917273768450798e+02;7.354550482164947312e+01;1.766135284558815632e+00
1.151625396040289075e+02;7.529478302457687278e+01;1.734288903141807170e+00
1.039019308269044899e+02;7.532945376556958195e+01;1.256471008077271467e-01
2.238074477404863387e+02;7.351662867052860406e+01;4.947601950751160160e+00
9.436913161646739923e+01;7.497722105950198568e+01;5.154199575189707394e-01
1.048298437434229697e+02;7.525709905030745972e+01;2.326615185686174980e-01
2.369536234686378577e+02;7.259703241081538749e+01;1.846003527702443359e+00
1.153241335824816360e+02;7.555697138377804833e+01;3.057243863686117002e+00
1.268651416242663998e+02;7.483971964930692877e+01;2.058204523639589389e+00
1.200095554588123434e+02;7.464898329465844995e+01;1.874702483497606487e+00
1.338025821023026367e+02;7.484506513547988504e+01;9.662808230350142802e-01
7.350206978131180335e+01;7.541603118068360345e+01;2.578820659063925658e-01
1.947744257024019987e+02;7.397024792154871875e+01;5.781080324046202756e-01
2.072046290019120818e+02;7.385520640115876745e+01;9.638017114614294556e-01
1.338633117916292576e+02;7.522086783720116898e+01;3.373943581958868787e+00
2.165027129621776112e+02;7.440027197969365602e+01;4.505688933619095948e+00
2.328914309342844149e+02;7.251839293480472293e+01;1.131795035931134841e+00
2.185455548750210255e+02;7.365865263693744680e+01;1.162457883835031014e+00
2.154869842154831190e+02;7.365176625883822226e+01;5.355245013716443125e+00
2.194125940094464795e+02;7.344121364530529661e+01;1.013799684051365002e+00
2.222605656057687611e+02;7.358674023691692412e+01;8.877795678064224205e-01
2.298622254597903520e+02;7.337636719216311576e+01;4.664605465016477548e-01
1.983719641897271515e+02;7.459956945878090551e+01;4.147185334429893011e+00
2.303159110074057025e+02;7.340822328131058327e+01;4.998971063567236861e-01
1.943421963050185752e+02;7.338289229934468949e+01;1.050330216080236356e+00
2.033864255621618327e+02;7.355129803055875470e+01;5.859470261563503035e-01
2.380272753496498979e+02;7.308021193196547927e+01;1.269825366451744764e-01
2.447255846478292085e+02;7.305923949919650795e+01;6.754584178000807571e-01
4.838072846786127457e+01;7.602370366153294867e+01;6.499477861046919491e-01
1.274258923433905295e+02;7.453720538122671257e+01;1.503891388523941774e+00
7.337340027636713558e+01;7.593122924932761464e+01;2.492171431531641002e+00
9.733648338243568787e+01;7.583678328677412139e+01;2.706506396419276150e+00
2.142874748240813005e+02;7.326886888194484015e+01;8.419859017249157196e-01
1.293183263393069637e+02;7.498635444170976427e+01;3.421476568209972147e+00
1.063010825809316202e+02;7.530741122621306260e+01;4.780971972365308797e-01
8.085561740745353632e+01;7.515141633534781818e+01;6.050968149611757330e-01
1.168176742031723307e+02;7.552035655501413203e+01;3.025886187376154002e+00
1.249664942554435356e+02;7.504076218859881919e+01;6.960202965336401704e-01
1.362720866378731159e+02;7.491778060894557711e+01;1.512965268388275941e+00
1.583697861804745912e+02;7.451400568045667683e+01;1.553347031797441602e+00
1.918902692808745201e+02;7.397223165337904049e+01;6.257072277949148331e-01
2.383631557571362407e+02;7.336497097164522074e+01;6.196674846221424948e-01
2.134253858313976195e+02;7.339797501976428862e+01;6.554808819679150966e-01
1.049381536801162014e+02;7.503492506495194903e+01;1.464104976465711028e+00
2.159852973802903477e+02;7.432910934005273873e+01;4.321390214000253138e+00
7.038456661852065110e+01;7.567315455854199513e+01;8.675460457888280186e-02
7.981178442195049172e+01;7.589420515049839366e+01;2.965980459736882402e+00
1.068744657594643712e+02;7.525690970993130691e+01;8.991252659613145903e-01
1.171302706066220196e+02;7.522080604795471004e+01;1.346222277533980716e+00
2.381800890714835646e+02;7.220078334509609874e+01;9.428312590565508522e-01
1.373301860333147886e+02;7.534095643943695109e+01;2.830465127121048141e+00
2.421005561896225515e+02;7.221083214141731332e+01;6.150279710308657055e-01
1.264663461980981651e+02;7.485424483068267421e+01;2.446673104796920128e+00
2.359360196544365635e+02;7.341294641406328481e+01;6.282198491459487499e-01
2.473720779080120735e+02;7.392873312401684416e+01;4.432580203966463017e+00
2.171307974326705050e+02;7.375251406714480140e+01;4.730275243045898748e+00
9.598554772065558893e+01;7.571622083623411470e+01;3.845946477525881591e+00
1.963910492677680963e+02;7.472915395438907638e+01;4.032353638595226997e+00
2.476241551417631968e+02;7.382576927084382135e+01;4.304553736632408700e+00
7.033974948064727073e+01;7.574066206215950103e+01;-5.329286528406046268e-03
4.999120574817672491e+01;7.643743264974625617e+01;2.050470178921278475e+00
7.130798871983259346e+01;7.569255603187076531e+01;2.558888020017857201e+00
9.483975030404495499e+01;7.539049984023304773e+01;1.230888116036429475e-01
1.172389024398228372e+02;7.531232595298752130e+01;9.992337229432749490e-01
6.659667941178605588e+01;7.612154417810057794e+01;2.321631654254480370e+00
1.929112193470868419e+02;7.350076480617909169e+01;6.213783086000671529e-01
2.278229308540071827e+02;7.265071800217575060e+01;1.425859274689805778e+00
1.253729475340100947e+02;7.535646575305840145e+01;2.957150242649975613e+00
2.134160822344477992e+02;7.360503542810928934e+01;4.529460995523280964e+00
1.178711367836258574e+02;7.460975191174452448e+01;9.885332574065859301e-01
1.373795193408817568e+02;7.481622750522193144e+01;1.049836732888122848e+00
1.076368909189482537e+02;7.513197292024445062e+01;3.313013437055557286e+00
1.383624905527801445e+02;7.516981587814173338e+01;2.617655551049245855e+00
2.463192169014586170e+02;7.388920135988176696e+01;3.982864566264334716e+00
2.098246212467571183e+02;7.401585862790814474e+01;5.592238235325583950e+00
1.259550762301420690e+02;7.508454099948053795e+01;2.590085405418317777e+00
2.047158551186471414e+02;7.373082819562523582e+01;2.361357268571764312e-01
2.054608092387045986e+02;7.353856253853757607e+01;1.900083296328327620e-01
6.198760705718114394e+01;7.621357864175813290e+01;1.170844393356231583e+00
1.228551337043461160e+02;7.462055962300411238e+01;1.386728695209450413e+00
2.418146869262044163e+02;7.307831046685940635e+01;4.610790309988549218e+00
2.136981665764583838e+01;7.645026402093733964e+01;1.397976195862664084e-01
2.263180167580617876e+02;7.417162195109150957e+01;4.063981313782836224e+00
2.278912784952692334e+02;7.393809576463335986e+01;4.546928212398880120e+00
2.387220754685627924e+02;7.325350538219346674e+01;2.549050944942310992e-01
2.432622160134041849e+02;7.401779929357186916e+01;4.668186527839807809e+00
5.671990447679674219e+01;7.631945678899818120e+01;1.513860582517683184e+00
6.392030225136618782e+01;7.625449392256734882e+01;2.140931328559813718e+00
2.467686742632695882e+02;7.394764330318943735e+01;4.140038445634482756e+00
9.819410295215845963e+01;7.588784372650343357e+01;2.728486650829812898e+00
1.389284802343001388e+02;7.484473943639744675e+01;1.509344170630896542e+00
7.037703794751918451e+01;7.589104552345018817e+01;2.516310169499515137e+00
4.487295960249856819e+01;7.628611814499879529e+01;1.922802574292608480e+00
2.049296800371201357e+02;7.349253268116672189e+01;8.596314602396973314e-02
2.339522946756881083e+02;7.381738047410891568e+01;4.509028477297202464e+00
1.634044695377106677e+02;7.415546165955124991e+01;2.875211625997176057e+00
2.343543448533231128e+02;7.245486486750793631e+01;1.052568796266567075e+00
2.383487621971419230e+02;7.305221592002118314e+01;1.512304854472924509e-01
2.353937114436585034e+02;7.280621522247781741e+01;1.314127998073622461e+00
2.392070890053435619e+02;7.332704313981309951e+01;9.525389536274969648e-01
2.168216875562928294e+02;7.352327524266490855e+01;4.642159225125571886e+00
2.474751648453802488e+02;7.338840578709319118e+01;3.496603860412606846e+00
2.117602728095612861e+02;7.359613196538710156e+01;4.509217642860615882e+00
5.652764537328041428e+01;7.597131158085140612e+01;6.514989870765773849e-01
4.989107524317962117e+01;7.594361374215580440e+01;1.462559589173548336e+00
6.880031884080938198e+01;7.596157587573567582e+01;2.453592618137485193e+00
2.458687932198393185e+02;7.357583715445051098e+01;4.621988785317439508e+00
1.627658079538607296e+02;7.416545819269151707e+01;2.914326725617898184e+00
6.931929876750713504e+01;7.574785766784684427e+01;8.107872125777680627e-02
1.597810689667170152e+02;7.417852355885545990e+01;2.060841079563872302e+00
9.184874817986165851e+01;7.591667072402580629e+01;3.354425094924958106e+00
7.640729979729476895e+01;7.623917697864152387e+01;3.021694164564178831e+00
1.958517064917488142e+02;7.401010406683438703e+01;5.005650261142434942e+00
2.174368193265357831e+02;7.442059507020516662e+01;4.356341105414191617e+00
2.386451604809925868e+02;7.273499082738631216e+01;1.807916889315980713e+00
1.013355042336352483e+02;7.589746681218386470e+01;3.488908510913741434e+00
1.204591803069627503e+02;7.521461118407100344e+01;6.147155624197552237e-01
1.168343064408909697e+02;7.543370084908922024e+01;3.490552874260572036e+00
1.244366684117054831e+02;7.498390598543370800e+01;1.078813628064270169e+00
1.201522617307292222e+02;7.468761399103981091e+01;1.852847970190238502e+00
1.589142540260722285e+02;7.453855212764683813e+01;2.117394682563618069e+00
1.037642224249007654e+02;7.480230867354555357e+01;1.337662044148651308e+00
2.057198799662845659e+02;7.371713489483944670e+01;8.291787053452663869e-01
2.378233754177955461e+02;7.378362734741612883e+01;4.191831110461411214e+00
2.138074929368838468e+02;7.269047237114946824e+01;9.751439133672750170e-01
2.207548666026717115e+02;7.431947911846035026e+01;5.004825956194940417e+00
2.189383541149800863e+02;7.345771710636265084e+01;4.175911769953660979e+00
2.211216177134738246e+02;7.430359365626524948e+01;4.954564616569911983e+00
2.226311914802822685e+02;7.374010773889058612e+01;5.308885869218780584e+00
2.233934330765922311e+02;7.424932276541014176e+01;4.862759641853025450e+00
2.383617140578509748e+02;7.244975243490856087e+01;1.077611925879610411e+00
2.277767402497618434e+02;7.403503317297438002e+01;4.837769904500538232e+00
2.284749801160976688e+02;7.396259130722853570e+01;4.801770185317825401e+00
2.043347822884102527e+02;7.308881738782466186e+01;1.475851491947879124e+00
2.303099400881649785e+02;7.332402176249277659e+01;8.706402707374006900e-01
2.388182651902078248e+02;7.379726114891133193e+01;4.598861890647071959e+00
5.039684218225043821e+01;7.595289199312037454e+01;8.814717763005433526e-02
6.847836979044302552e+01;7.585904356410537730e+01;-2.935349381265383445e-02
6.946288297087224350e+01;7.570640154224169294e+01;-3.218963651450283958e-01
1.978933384081477698e+02;7.314812480595891486e+01;1.367289559159281076e+00
2.036751309167483726e+01;7.645122659554483846e+01;4.363241391169070948e-01
1.136123355186903723e+02;7.558302103362984781e+01;2.558695514486201361e+00
2.048559876687724568e+02;7.335851563758224358e+01;1.932702597085345531e+00
6.987428029763279369e+01;7.553370916166156235e+01;3.863707639437274910e-01
1.313493493293860297e+02;7.540561934200952976e+01;2.951577821164125925e+00
1.608784667243978959e+02;7.416675916351286446e+01;2.872023873262851801e+00
1.318865671066674849e+02;7.546055908067101825e+01;2.961620451484195282e+00
5.663601760388057471e+01;7.583919684807480621e+01;6.123217514771240877e-01
1.968626356168601603e+02;7.383484205956811763e+01;5.989554897634841168e-01
2.363867460367540616e+02;7.335586420266119489e+01;4.935268478841261519e+00
2.039274424060724868e+02;7.450537465404764248e+01;4.225356222245720161e+00
2.396971690013221234e+02;7.371629155207595829e+01;4.560505145663523940e+00
2.044935930330127576e+02;7.456174620862189784e+01;4.190808161201040605e+00
1.146580844918663047e+02;7.482284505593003132e+01;1.720544899662927341e+00
2.058369891678523516e+02;7.308152303583963771e+01;1.433244978380680434e+00
2.388203550835874580e+02;7.305767654807711153e+01;1.527824751399458059e+00
2.049643185543725110e+02;7.457456466346884838e+01;4.175895080862255249e+00
2.234114660343614958e+02;7.406011856208621680e+01;4.143636874525388869e+00
2.248690782766538234e+02;7.393173661287548271e+01;4.176289302806480919e+00
1.947414517740932922e+02;7.449389579465452016e+01;4.829121624142901581e+00
2.254771520978822252e+02;7.389553252985480469e+01;4.038356413872247863e+00
2.438524149138812049e+02;7.334121666317295762e+01;5.064250619665120468e+00
2.259657944470364441e+02;7.411489836414042998e+01;3.979059677949606577e+00
2.268493637613581200e+02;7.410791410570740823e+01;4.018601172730036808e+00
4.787674006457945097e+01;7.634813498022874967e+01;1.336742461204556198e+00
2.272740356552916694e+02;7.414706844231082528e+01;3.927784314097141571e+00
9.637484487992810500e+01;7.558185936824844475e+01;3.499696416653655273e+00
2.288949635762466812e+02;7.414590023806790953e+01;4.108292428593595780e+00
2.300547377611510456e+02;7.392617186795739315e+01;4.266542944082363675e+00
2.303949038097521225e+02;7.397190154708398779e+01;4.218720589869275450e+00
1.178296290200049867e+02;7.458624405401543811e+01;6.560647717054177708e-01
2.335329969457711741e+02;7.333460053825962177e+01;5.852166217348098165e-01
4.987501993783322263e+01;7.628472035066511125e+01;6.974917620866346590e-01
5.692621471364056873e+01;7.622294216701627079e+01;7.420911799355346394e-01
1.383978472860209479e+02;7.441065557472036573e+01;1.079105623894334842e+00
5.743526784027763910e+01;7.621909995845014407e+01;7.639276864776327614e-01
6.656914101116146298e+01;7.627545766267959948e+01;2.224604551784696405e+00
1.612217708495043667e+02;7.449180885104765082e+01;3.322449413527301498e+00
7.483716283089242438e+01;7.627995211688870825e+01;2.512846007434445639e+00
7.630926544639885378e+01;7.627457475458507474e+01;2.610984551361981598e+00
2.414451208870727044e+02;7.325096182749045681e+01;1.732020717226364914e-01
7.816496676037181146e+01;7.577802045508533979e+01;1.428057739844166008e-01
1.918063591162996318e+02;7.352173608490460310e+01;6.981850599212140462e-01
7.829677281641356501e+01;7.625352173205779138e+01;2.660244296067395986e+00
2.469644400235599164e+02;7.252564681811165315e+01;2.460997236610902750e+00
7.897443356146381177e+01;7.577248409091221504e+01;2.023390496295346674e-01
2.392640640004930219e+02;7.352411530709944998e+01;4.576356986509594549e+00
8.099250594867174868e+01;7.625508459498880143e+01;2.874072977593659317e+00
8.142237166348427024e+01;7.622959603847108667e+01;2.704959342686054313e+00
2.198528553302358830e+02;7.289042635340209131e+01;1.496850510082552432e+00
8.220094105227428827e+01;7.621465057988461922e+01;2.664218433768901217e+00
9.533873826888819281e+01;7.544477631670660855e+01;1.110429129902590489e-01
9.574610901697221266e+01;7.599449668106933586e+01;2.741524599858871536e+00
6.587904991398993104e+01;7.562871308925049618e+01;1.835955365868296996e+00
1.025576026762311557e+02;7.493499282450650867e+01;8.735078672984877279e-01
1.223956358937632132e+02;7.455393761743778214e+01;1.004439433191678832e+00
1.328731989768604080e+02;7.531248836318648898e+01;2.978326761092861652e+00
1.378807477535429200e+02;7.442536119788465498e+01;1.424280466379168608e+00
1.069257497682497728e+02;7.536223516694435887e+01;2.315257540774475764e-01
1.130155427990348613e+02;7.580139445374659601e+01;3.109090125938012594e+00
1.189116756277831541e+02;7.522804535454365293e+01;5.157589257376834491e-01
2.143811575159549534e+02;7.379685117441277953e+01;4.823346788176811728e+00
2.299013418300640410e+02;7.262078215931431657e+01;1.510066747570029788e+00
7.390534860936386963e+01;7.553655864023869526e+01;1.003987151077374573e+00
1.138860351649523892e+02;7.530905265030436624e+01;7.173100287528643149e-01
1.139263468611482040e+02;7.533893072784066192e+01;9.475787033844780272e-01
2.130597789413961891e+02;7.305182739803122161e+01;6.265349058829451367e-01
1.144091185229297452e+02;7.579073167790679122e+01;3.080913319724854382e+00
1.147875334453882346e+02;7.576787620810866031e+01;3.008683279641097386e+00
1.988273988584357994e+02;7.394193087958076660e+01;4.990212315299242363e+00
1.148633585299853337e+02;7.548639150524175534e+01;1.655202930579242171e+00
2.422758740184981434e+02;7.306628530094843654e+01;4.447907760514263842e+00
2.299961762139776908e+02;7.344484638778969554e+01;2.473278324525814698e-01
1.153453244411731475e+02;7.576733487976106574e+01;3.095647428994589667e+00
1.940717557235796278e+02;7.408251062702935030e+01;5.336653966543689620e+00
2.268522845601897870e+02;7.269520528196204623e+01;1.716113211385587700e+00
1.167802157615421379e+02;7.574528600627365904e+01;3.079557252542720391e+00
2.477811675093729775e+02;7.309055966359308343e+01;2.594807812594993823e+00
1.178268211233843630e+02;7.572973738358101059e+01;3.073390669508645257e+00
1.993514304479982400e+02;7.308372115678737657e+01;1.377294649850167252e+00
1.140853777966093077e+02;7.544745866079136931e+01;1.352053230620806845e+00
1.588080839693433290e+02;7.439237101063157809e+01;3.399351688117474790e+00
1.187443293968510432e+02;7.547510539563033660e+01;1.688140624413039914e+00
2.332343024000946059e+02;7.377445917858808855e+01;4.591427323878416011e+00
1.199092220278437537e+02;7.521881740753454437e+01;5.482265399824464147e-01
1.218179920456815211e+02;7.534297030732224698e+01;1.741842345076183074e+00
2.088282147905363502e+02;7.399143396469591494e+01;4.583764247465454744e+00
1.228491502192614888e+02;7.522899511731597499e+01;9.640066518741996493e-01
1.259283499618333906e+02;7.494708466584684459e+01;5.478548091427416500e-01
1.267419568834454680e+02;7.498247291255388802e+01;7.386528807253363027e-01
6.834611161045118877e+01;7.608643095004262591e+01;1.133703421968070391e+00
1.286963237426960802e+02;7.503812313947283030e+01;7.111909102076513500e-01
1.383946018599621368e+02;7.495106931104112391e+01;3.092215034944513441e+00
1.214311450306213516e+02;7.462148887436768518e+01;9.818926787793057498e-01
1.354625265065898816e+02;7.498356800096657082e+01;6.426354119997221837e-01
2.339957077704015376e+01;7.647842994735341904e+01;8.842167216098202331e-01
1.584287188235645090e+02;7.478993703503459756e+01;1.511208813443928767e+00
6.098771257616430574e+01;7.562006769633006797e+01;7.654862408363505288e-01
7.577337444505218400e+01;7.559978614431783228e+01;1.498516391708741846e+00
1.587141332934107822e+02;7.478052570713519742e+01;1.501209488485700794e+00
1.907966072098994346e+02;7.396224586359670639e+01;7.128212083805595123e-01
1.598533878571820992e+02;7.408073074179104367e+01;2.830695224487417949e+00
1.938148451039821225e+02;7.479401507648165648e+01;4.181761538669576339e+00
1.939320483045810022e+02;7.396612715226775947e+01;2.198943710992893319e-01
2.003460723760772737e+02;7.336457123941923442e+01;1.573505257995129414e+00
1.951311673627102721e+02;7.403359922997091758e+01;2.090988700437319547e-01
6.221039460215057915e+01;7.621396592297912775e+01;1.190483597347069100e+00
1.987839620794244127e+02;7.477489397386713676e+01;4.279292710799039057e+00
1.990205460678579357e+02;7.476640309696253439e+01;4.254134330960235744e+00
1.146941266128043679e+02;7.471072823337485147e+01;1.857250423465062639e+00
1.248261187425209044e+02;7.478071040964802307e+01;1.677644641789901359e+00
1.998661900293027429e+02;7.474949537878198669e+01;4.232908024158089866e+00
1.947764443565529575e+02;7.351120125695801732e+01;7.041650003109521938e-01
2.006971441691677569e+02;7.472055967023872824e+01;4.149076524737787430e+00
1.031953608474674269e+02;7.568217151090628647e+01;3.837125294630482131e+00
2.014510319477501525e+02;7.472610267900812175e+01;4.235518770779208353e+00
2.158601989525117801e+02;7.381078221277522289e+01;5.395497723937941359e+00
1.153610993072019824e+02;7.465836504389152140e+01;9.330850172409103083e-01
1.968912092750965144e+02;7.363840079845083153e+01;6.762380923758068985e-01
2.040264971437501629e+02;7.340305783375937665e+01;3.496988648224719221e-02
2.010069930345284206e+02;7.402694833804066832e+01;6.280416127448824604e-01
2.040143695674800313e+02;7.381947135227692058e+01;2.374895005353009070e-01
2.053337004260570779e+02;7.377238612367658277e+01;1.198419566754316268e-01
2.071262768736833948e+02;7.395670742815384813e+01;7.407543339316302600e-01
2.204929267860488835e+02;7.374570213081744896e+01;1.052147628586309613e+00
6.030975566343872174e+01;7.622140129471716818e+01;1.041764395034812773e+00
2.209215086403416421e+02;7.374154436034555715e+01;9.642233131139185121e-01
6.933138301267166526e+01;7.554769714583738960e+01;1.453565147808040692e+00
2.215869109536051269e+02;7.374066998036693121e+01;7.513154682865429423e-01
2.237922366685433531e+02;7.432723914694105360e+01;4.181521650051904793e+00
2.248177041319670764e+02;7.432745355860258485e+01;4.167960196379477900e+00
2.391348827418480596e+02;7.340944315043222446e+01;5.877240588079990502e-01
2.418660745468819755e+02;7.325262174968464990e+01;3.790602046250795415e-02
1.350075119254191804e+02;7.469046291036201524e+01;3.131106365349891618e+00
7.234886344034143235e+01;7.561348781631096472e+01;1.178770866239753357e+00
2.427759665701318852e+02;7.324265069731541189e+01;8.690817352283493336e-02
1.998626642296549107e+02;7.308716690493024259e+01;1.368249790165059876e+00
2.428800521290735901e+02;7.322678893148611223e+01;-2.336676399742448895e-01
2.433696867544350368e+02;7.325714292183178600e+01;1.959057813540197590e-01
7.934257058761183146e+01;7.543714333285879547e+01;1.067675762908794956e+00
2.439034262486762259e+02;7.325075819677623201e+01;1.688154352674187120e-01
2.133001498532970572e+02;7.387226725046778597e+01;4.516564915560570270e+00
2.355199973856574900e+02;7.356876387251709559e+01;3.556462358757964015e+00
5.027529454236118767e+01;7.624100336298680247e+01;4.816217582120765894e-01
1.628952053544171292e+02;7.451549633035143927e+01;2.173826096878069158e+00
5.738087219053423382e+01;7.623303941571471398e+01;9.169706750145466545e-01
5.783376258981639495e+01;7.622493169712453209e+01;9.114787975297483635e-01
7.217551123056394147e+01;7.630842044366943355e+01;2.399426112982942616e+00
2.194122987268238845e+01;7.617915674218767208e+01;1.141732787849761177e+00
1.983290956129454230e+02;7.310943254954861459e+01;1.385320741954644941e+00
7.676740093732968262e+01;7.626979167086290090e+01;2.663554887391827553e+00
1.072370457003254387e+02;7.480217214041246621e+01;5.615899411772453664e-01
2.302804572682909168e+02;7.291592512283639849e+01;1.049926711043247529e+00
7.993006955042682193e+01;7.574966044813852761e+01;1.272716618551918144e-01
7.358939809850470226e+01;7.537352734077602179e+01;5.469949679804875231e-01
9.640503875948076029e+01;7.601558069202255297e+01;2.773166191423300564e+00
1.159640819090541584e+02;7.469621505513282500e+01;1.915080315527852406e+00
7.630183934643768850e+01;7.550247346329700804e+01;8.852971799091106098e-01
1.155441079559451651e+02;7.527024100696614539e+01;6.711587163022992852e-01
1.193362407661565783e+02;7.527279187822509243e+01;1.727447004919198337e+00
1.198575310960328864e+02;7.550719171071843050e+01;3.074096848758331113e+00
1.352698337115841696e+02;7.535633628488062641e+01;2.665620069115376189e+00
1.637014539228623278e+02;7.477202509933295005e+01;1.693388156672346989e+00
1.388645666537642569e+02;7.439148768408567491e+01;1.076104063473150685e+00
1.907790499226461236e+02;7.392740640352911896e+01;9.761369966558882671e-01
1.967413708668937318e+02;7.471409330647716729e+01;3.982917033943281115e+00
1.982287101463900569e+02;7.471906423459086000e+01;4.124654181227765726e+00
2.064451832693614222e+02;7.365123763439784454e+01;4.436423466863540277e+00
5.693152518020279018e+01;7.568014695140328740e+01;1.048975269116992015e+00
2.412798877064141436e+02;7.354685576723507268e+01;3.676031162273867725e+00
7.647167992447863583e+01;7.561158342406127986e+01;2.637310236787611117e+00
1.998431461612191811e+02;7.472841236920392305e+01;4.452102966121008087e+00
2.428683807863449999e+02;7.352169442995879933e+01;4.157880196471491985e+00
2.284040441391066167e+02;7.433335366894922913e+01;4.517566913905079140e+00
2.405345011701021463e+02;7.323058910043982905e+01;1.299569681814795041e-01
2.167233706971251479e+02;7.381575093490852169e+01;4.938593361768952583e+00
2.434444281049922552e+02;7.328056603803563007e+01;3.225375064274585424e-01
5.642691600054504164e+01;7.639209909727878767e+01;1.897513394646437312e+00
1.302631060490564607e+02;7.491850681393000855e+01;1.107500258014036953e+00
5.021470881769611339e+01;7.565410610028040139e+01;1.448529955033589223e-01
7.917204622523529167e+01;7.569152631035279910e+01;3.286544574457784584e+00
5.700286648580028270e+01;7.623631558201967096e+01;9.027883054843441890e-01
1.934879020258429350e+01;7.647917069402897994e+01;4.666995649576104015e-03
2.323249298177098865e+02;7.255762346421046516e+01;1.444484170031972603e+00
1.038642872421584684e+02;7.488552126376717410e+01;5.923323895838229491e-01
5.941571379203352166e+01;7.622232846161514885e+01;9.762761616025942280e-01
1.388607153071773723e+02;7.437699988004054319e+01;1.453786232897049446e+00
5.986232413854962431e+01;7.622259622129651291e+01;1.012716464749056078e+00
1.338364678606890834e+02;7.444990886383237694e+01;1.399963503879910309e+00
6.078812574565476723e+01;7.621589293832930423e+01;1.050890791734633067e+00
6.335437001470810969e+01;7.639778247826340873e+01;2.248774160595160332e+00
1.334627378594949221e+02;7.493597484754273808e+01;2.483697015174215761e-01
7.290204955622415639e+01;7.630014196948887673e+01;2.502240069886935814e+00
7.584800882672820421e+01;7.627658782023311801e+01;2.637682804777854884e+00
1.958210168594432616e+02;7.406067914584184564e+01;5.435207726421113605e+00
7.788225793303810462e+01;7.625961104735212359e+01;2.702079714777219088e+00
2.098241272579509769e+02;7.365643581405913665e+01;4.938964089413747871e+00
7.893417257780289731e+01;7.575224700339889239e+01;4.447833886695370942e-01
9.631816580613266865e+01;7.571071449774667883e+01;3.850942179591087644e+00
8.024876363687613434e+01;7.624038410658506848e+01;2.751556849555980566e+00
8.220068122418750534e+01;7.622965549262072216e+01;2.790949687288312830e+00
9.498309300361403018e+01;7.598966437926628714e+01;2.716308078223788502e+00
2.251629582323321301e+02;7.427723633029620487e+01;4.365507826660096846e+00
2.127955021833579394e+02;7.372325999302549349e+01;4.789770948475281287e+00
1.174532542834870981e+02;7.576832340346344097e+01;3.188040351537002159e+00
1.192217799850093769e+02;7.571440480928059458e+01;3.055520646077917846e+00
2.427033339172492674e+02;7.196306575750506340e+01;1.848353174428733481e-01
1.222975189337519453e+02;7.525018439997825226e+01;1.042481833539191660e+00
2.042708797523030455e+02;7.385776961923887995e+01;4.610273554661983297e+00
7.023360873968134399e+01;7.555165622699091443e+01;1.449164513667158927e+00
1.238013948655230081e+02;7.503315191298234765e+01;6.053635657694804717e-01
1.263092884402333311e+02;7.500105927157329688e+01;9.273105295388044400e-01
1.248446812451675214e+02;7.485428965693856185e+01;2.013959299863104846e+00
1.354998127243597708e+02;7.512733225804213077e+01;2.723295321928477453e+00
2.379843476277945626e+02;7.338225693160750041e+01;4.200969344563687535e+00
9.137800247641735041e+01;7.510063643921331789e+01;2.215218196651747573e-01
1.937376895391705318e+02;7.478089021132946357e+01;4.327987775404567472e+00
2.018267300523761207e+02;7.472386373108471957e+01;4.481918750352640757e+00
2.218232488983040014e+02;7.371883623083478199e+01;9.075598349620982441e-01
2.251686339629461315e+02;7.431664014060751811e+01;4.202412022813680537e+00
1.938597311356848252e+02;7.339989467348448215e+01;1.041049691424538404e+00
2.323045009697064245e+02;7.275511873693366738e+01;1.443783390617896289e+00
2.371908319342975346e+02;7.412879957155315935e+01;4.184171658486287804e+00
6.877308707698655610e+01;7.580110582551378684e+01;-1.899353050542758672e-02
2.113579748622005638e+02;7.303711308803252678e+01;1.435004573451128751e+00
1.963689513548279990e+02;7.399342716976268264e+01;4.984179364460855410e+00
7.531118186566830275e+01;7.588906008967252603e+01;1.402622447103328174e+00
8.108709196618880810e+01;7.624490288326866505e+01;2.747171024772519843e+00
1.181159576709972612e+02;7.573666829838475678e+01;3.075621838778227257e+00
1.188834351927467168e+02;7.512405944710481265e+01;3.472895437958120279e+00
1.259949156719596317e+02;7.495741248255932021e+01;9.760771833727374114e-01
1.973881673407270227e+02;7.353770827886168604e+01;6.057636713106445692e-01
1.836898985666001849e+01;7.640637687166191938e+01;-6.113423326550807002e-02
1.273374939160036377e+02;7.523913596649698832e+01;1.272417969666529869e+00
1.245059806221232179e+02;7.479541744599602282e+01;2.371169109126692653e+00
1.237702830794300297e+02;7.531685317021036496e+01;3.355852226223685175e+00
1.628362192424125681e+02;7.474937350430863603e+01;2.919916104044561589e+00
2.262370665692531020e+02;7.428747827488538746e+01;4.368510062888176115e+00
8.143872092067140045e+01;7.622844307360661276e+01;2.850233550348100220e+00
1.378453101255831825e+02;7.534592810141025154e+01;2.827031784537030301e+00
2.099099843417467071e+02;7.403962878992768992e+01;4.109519631892530889e+00
1.942962240658357587e+02;7.475844252205011742e+01;4.332274556910129526e+00
2.277818944843289444e+02;7.420977085015729813e+01;4.218202423051395478e+00
1.234719053427361786e+02;7.485354332506918240e+01;2.103769093733620199e+00
2.074662787508097210e+02;7.362954555911808541e+01;4.899155892897563369e+00
1.949455652186099144e+02;7.473777281818790641e+01;4.287812836083194412e+00
2.203645792858070820e+02;7.373980813138173573e+01;1.275728626095930185e+00
6.896704917809722701e+01;7.559677875359578536e+01;1.145073583295558972e+00
5.741932633143279219e+01;7.567722865059592152e+01;1.330698178455801406e+00
1.044316584059007766e+02;7.541842713567763212e+01;3.085544008843267072e+00
7.490216112189391140e+01;7.582728651811676457e+01;2.453833950988101031e-01
1.585145031234742135e+02;7.438803496127607673e+01;2.396252948443044151e+00
7.845083052503910892e+01;7.520738713078625892e+01;6.701877462752352521e-01
8.265190259807793893e+01;7.610164115783058492e+01;2.649419996616467543e+00
9.011795284564995256e+01;7.550341746012681199e+01;-2.606697034145609160e-01
2.222632362126762189e+02;7.375711087418272882e+01;5.359073958613663535e+00
1.023906068474488649e+02;7.591002178139926571e+01;2.757189718901112752e+00
1.156759539426170420e+02;7.576970669123954849e+01;3.083468355234292080e+00
2.428272790755609094e+02;7.249113620142459524e+01;5.132139991425460623e-01
1.234361165990310525e+02;7.494517387358382621e+01;6.503714802922034854e-01
1.271107154073925614e+02;7.522838490595071903e+01;1.233827005074950911e+00
1.179016072426075254e+02;7.534087907193205069e+01;2.264815432718354948e+00
7.432884226088843604e+01;7.567254018600428367e+01;2.561344492577493526e+00
1.634788638658434081e+02;7.477130234616369364e+01;1.757318384993998839e+00
2.293634706668953811e+02;7.262132822212724648e+01;1.374812285639127385e+00
2.278358671331071719e+02;7.428677274230811634e+01;4.471412774195734130e+00
2.383934583655142774e+02;7.274730802421815667e+01;1.845655897981491878e+00
9.383325089930583829e+01;7.560110977737434723e+01;3.457340215865869482e+00
2.273266799255374337e+02;7.305682050423958174e+01;1.003594017645851988e+00
2.303406334936154565e+02;7.340298558982544819e+01;2.264395848137293055e-01
2.422774880100772918e+02;7.324999704702688064e+01;3.762331788472972338e-01
2.202442447477516794e+02;7.411434026591591362e+01;4.876053241756905798e+00
6.342312520825417010e+01;7.639722536385320950e+01;2.323881708069481355e+00
7.940781641439805583e+01;7.624264215998705652e+01;2.795752893490070168e+00
6.588213865757438725e+01;7.559642197300392752e+01;1.105387361911649435e+00
8.040879755147913954e+01;7.623414332395785209e+01;2.831253068335834122e+00
1.043060823656651053e+02;7.533253988964257530e+01;9.063917138958585973e-01
1.941829666167276116e+02;7.455640865326998323e+01;4.816733990740843296e+00
1.165527303803493169e+02;7.574412081894665505e+01;3.186661973488893906e+00
2.038337999936977667e+02;7.382749069634688510e+01;4.581779955856511322e+00
1.224347495810862227e+02;7.540293135769972821e+01;3.387727114692275165e+00
1.338024623391826822e+02;7.484766284750085674e+01;5.076520217022284509e-01
6.918032518427024513e+01;7.623524163776029638e+01;2.482697036388299860e+00
1.953210918048607141e+02;7.474340056195273974e+01;4.311975582610359403e+00
1.957980164105514973e+02;7.473147909346548090e+01;4.289234404861482552e+00
2.400832164214386637e+02;7.328349748586295220e+01;4.541172349394835273e-01
1.368172441136559030e+02;7.442958278360454472e+01;1.127439021779661266e+00
2.403342826666297753e+02;7.327121863785836808e+01;4.119882722037500611e-01
2.115766502684892600e+02;7.387044454600051324e+01;4.727650981000876662e+00
6.882792385196783869e+01;7.609137987219699539e+01;1.161347372678833034e+00
2.258466401453379717e+02;7.282841566139344991e+01;1.509394333206491190e+00
7.687943990031843100e+01;7.627467458055886596e+01;2.889484420931713426e+00
9.093892016407359336e+01;7.571471799364198318e+01;9.986141174452545233e-01
1.213802764011488051e+02;7.494118368816319276e+01;1.160759152759468726e+00
2.388142742825536402e+02;7.314475900365921746e+01;4.872688582087926434e+00
7.758740572665765001e+01;7.577094138192904893e+01;2.247127976372962355e+00
2.454114586700187317e+02;7.314296877398669494e+01;5.096831755318130597e+00
1.144554612775240230e+02;7.576785245537466551e+01;3.446719462477575213e+00
2.288319657273693508e+02;7.353310062037756722e+01;5.348988680834708020e+00
1.181091365894718024e+02;7.574454766756656454e+01;3.308687205692961708e+00
1.020858160081757831e+02;7.534015816976210544e+01;3.138231285367654166e+00
6.986405594678333841e+01;7.555609906298663248e+01;1.191479722751852321e+00
1.204539810636445054e+02;7.521778314114050090e+01;8.108347672539775175e-01
1.329061668981960906e+02;7.524715993531305003e+01;1.933639519874578383e+00
1.978694851445956715e+02;7.429166607005808487e+01;5.708998565726811414e+00
1.339033686011991904e+02;7.522353426443244473e+01;1.892917810844320092e+00
1.923136863899853779e+02;7.337576399014025696e+01;1.380280482562525668e+00
1.953227119762092912e+02;7.474042886584373946e+01;4.272966652808221077e+00
2.268456613434591418e+02;7.339395189206859982e+01;8.622494433654959156e-01
2.372473454822258532e+02;7.306537002387641166e+01;5.181749331259130287e+00
2.476515910400994471e+02;7.389026985458775698e+01;4.095351904912262420e+00
1.053538172392829608e+02;7.583077301346402521e+01;3.503481125633093551e+00
1.239932342722087952e+02;7.531772432645254867e+01;1.975020954999130440e+00
1.320633488005299512e+02;7.484629446140966991e+01;1.167916303195036143e+00
9.207411375100599571e+01;7.585079465295250145e+01;2.750092983905779942e+00
2.089369010241124727e+02;7.401301447701533220e+01;4.170077060552074499e+00
4.545337273700800296e+01;7.600277704626917341e+01;6.403085132508453681e-01
2.354090595458959285e+02;7.297751442981598302e+01;6.585088081039890406e-01
2.163426442006118009e+02;7.386449140857031637e+01;4.923405407315167182e+00
4.586825747916125096e+01;7.601532912610882420e+01;1.061624920401405880e+00
4.687629906041427574e+01;7.599881207209752176e+01;1.001878468762957386e+00
4.734465792294591324e+01;7.599232362839978805e+01;6.926190105007822284e-01
1.598651525276941356e+02;7.455719817341577027e+01;2.173709749545550185e+00
8.097731069337930876e+01;7.600060568895315782e+01;2.682877354368645939e+00
9.728889747130899934e+01;7.561767082850877841e+01;2.752251795275924895e+00
2.133881981842158382e+02;7.298166896110589619e+01;6.397899167309413215e-01
9.727702502899312265e+01;7.551155878747314887e+01;3.081327235819462107e+00
1.023663673551438791e+02;7.540316873795032393e+01;3.160701886545247863e+00
1.028840607038102206e+02;7.491860150178635536e+01;6.085270497637862430e-01
1.033486778430227133e+02;7.553486914300944477e+01;3.478352430188171862e+00
1.048526580960915311e+02;7.495412174079541501e+01;5.458023448215312268e-01
2.437366981027460611e+01;7.640999277738855255e+01;1.248280341148311212e-01
1.193191478805546382e+02;7.509004820485834841e+01;1.901092593521872764e+00
7.697020444889921009e+01;7.544571047651140816e+01;9.475624822158720262e-01
1.213256023636463112e+02;7.511632344283414398e+01;1.992357509807606730e+00
1.293189666135034770e+02;7.501722670728440789e+01;3.094476212347821775e+00
1.297683143553331035e+02;7.500487954327711293e+01;3.037280107972712972e+00
8.270399926014918890e+01;7.510283841917042480e+01;9.999155765457881651e-02
4.545593880766383421e+01;7.603655204555698788e+01;1.052372533656535492e+00
2.408879232944190392e+02;7.342459398774482793e+01;4.545457599134110183e+00
1.309117022466434719e+02;7.489183831614195697e+01;3.016020320440377933e+00
1.333294202071164420e+02;7.492195787138186347e+01;3.081542717218588745e+00
1.348495140030643711e+02;7.447067446871403718e+01;1.495142218429092562e+00
1.358377017687716375e+02;7.497712590075356331e+01;3.081064406970935199e+00
1.179189569171293499e+02;7.458453150197443904e+01;1.357813952970215565e+00
1.903619833771410867e+02;7.339139985539939914e+01;1.106909659682719926e+00
1.963781432482182652e+02;7.438145534008198467e+01;4.910518956410610869e+00
1.918659090912350109e+02;7.336736475194251739e+01;1.128307692708697685e+00
1.928763248240673533e+02;7.338098255063125919e+01;1.079794226041876470e+00
2.040115431201998035e+02;7.312887985360788434e+01;1.798062806708115025e+00
1.933630832782000653e+02;7.354900376642945048e+01;5.583990322055720767e-01
1.952893212349318901e+02;7.351003654565133161e+01;1.064292059065115037e+00
1.963718603562827241e+02;7.350969756891493034e+01;1.038195148534126977e+00
1.968392214740624411e+02;7.348880301210226662e+01;1.043943359510803415e+00
1.973744121915370044e+02;7.341608090491185123e+01;1.100438669824749693e+00
1.978666053448788205e+02;7.340216888589380062e+01;1.056655162931254388e+00
2.399418715879741626e+02;7.263522951775162539e+01;7.384985456522326075e-01
2.053358034546379827e+02;7.402595173961042008e+01;4.802927045700316810e+00
2.334978268825547900e+02;7.258614636184228175e+01;1.820501245121258993e+00
2.058161051871955465e+02;7.393482394154361259e+01;4.687855145950601710e+00
1.209263513530255523e+02;7.495314785158525694e+01;2.138879735209774147e+00
9.285091487687799372e+01;7.500395408067780068e+01;5.060776105054752838e-01
2.063448718307811873e+02;7.418276622690814293e+01;4.579022408374024522e+00
1.208397695074055349e+02;7.498008053844235121e+01;3.096497644301118513e+00
2.078614410084946655e+02;7.387315704297370189e+01;5.016902187779418654e+00
1.896013800661155244e+02;7.315206341272428858e+01;1.060995410089853319e+00
2.094020550942616126e+02;7.398696939082458357e+01;4.565719675417156509e+00
2.103650461053081244e+02;7.399852206982983205e+01;4.530882366756083357e+00
2.108470695803054866e+02;7.401032816896558586e+01;4.500418802708626487e+00
7.185423611455345849e+01;7.558404394440091778e+01;1.904848983043700761e+00
2.269228952564153872e+02;7.311401246146753863e+01;1.033638387906935296e+00
2.278765918927411462e+02;7.287229647711809832e+01;1.079607495038958698e+00
1.268422964784554097e+02;7.496334646679885338e+01;3.004191159901990815e+00
2.018320804315497128e+02;7.330169182111950477e+01;1.433082590011380830e+00
2.298666788990531700e+02;7.293105364039257665e+01;1.037568085935930862e+00
1.353843104952113663e+02;7.445944442421793497e+01;1.505929718550094609e+00
2.403604709291331574e+02;7.339914394926047692e+01;5.010501031344304579e+00
2.408570576183922753e+02;7.352543601440160614e+01;4.094307874347964393e+00
2.141322533944387203e+02;7.270292443025368812e+01;1.198714909747422341e+00
2.413560448076540865e+02;7.349044754758287468e+01;4.087704997574967081e+00
1.253207894561002576e+02;7.458978571230372268e+01;1.488292275347390836e+00
2.423641141394604972e+02;7.240566861791639042e+01;5.446722856286028147e-01
2.438009879351735663e+02;7.256508391687322046e+01;5.649160131095399828e-01
2.335742043223360724e+02;7.362426837353235953e+01;5.210243148217583276e+00
1.034058011588653159e+02;7.553875846938537109e+01;3.134878842507217378e+00
1.349012598206578275e+02;7.505268742017726424e+01;3.029692899423833463e+00
1.388333360766630165e+02;7.510502540833735452e+01;2.662649216506844940e+00
1.366688440764877157e+02;7.486752563585480402e+01;3.567061640824595425e+00
6.879757798894176801e+01;7.557284216674925403e+01;5.223176204923137833e-01
7.079632880829871056e+01;7.553809413096750802e+01;-3.239782171053884330e-02
2.114710171331481945e+02;7.390001958903692980e+01;5.031145085583041521e+00
2.388131274745904022e+02;7.301759721952346638e+01;1.057913796621526625e+00
2.451296427370030813e+02;7.294546341094289232e+01;1.088875013260474978e+00
2.248717096932764150e+02;7.290471619505821366e+01;1.138489926091939664e+00
9.382550376549325222e+01;7.554025076121037330e+01;3.092559573251814964e+00
1.278482458051648507e+02;7.482082508074699945e+01;2.404756452872946149e+00
2.393696053012565415e+02;7.303732369431953941e+01;1.120807507922716661e+00
2.458509251997413969e+02;7.352517099522594890e+01;4.954059991637789651e+00
6.935211720744482022e+01;7.600634835538049572e+01;2.446549090561476181e+00
9.087161646529592929e+01;7.503044886879868614e+01;5.169850458452047715e-01
2.468433585226438254e+02;7.350721345831966858e+01;4.937413029818222832e+00
2.040372013792034522e+01;7.647399883350938410e+01;9.745732699302124546e-02
2.090267806719454313e+01;7.647713036083914062e+01;1.375136389347313137e-01
2.184457124802697692e+01;7.644620463124091714e+01;1.733428997297830343e-01
2.233589827826553531e+01;7.645967746646003604e+01;4.334729309800489649e-01
2.358613505963315902e+02;7.372189478642251004e+01;4.252103844565386481e+00
2.337530473943031595e+01;7.642976781012072252e+01;5.015426948802169660e-01
2.322900396865205153e+02;7.290207596825355552e+01;1.991795129494904337e+00
4.636964207517501535e+01;7.601629464002195391e+01;1.069359296614100563e+00
1.190054406326929808e+02;7.509064601139144202e+01;1.575931564746299030e+00
1.389125499485335240e+02;7.450216568644619031e+01;6.750457372615670248e-01
1.993205199481514285e+02;7.451786583954095988e+01;4.129063604811807231e+00
2.003658292329330948e+02;7.342587914842070518e+01;1.080247572397534217e+00
1.964744235445101310e+02;7.313473679023836382e+01;1.154240841224617009e+00
2.004531329532575512e+02;7.355494142596040774e+01;6.979249465693461163e-01
2.384253195645958385e+02;7.250881788355697211e+01;1.888905050074122238e+00
2.198624795744836717e+02;7.389352550315436474e+01;4.501211351408397121e+00
2.207109904619314591e+02;7.407109816354814313e+01;4.565955398776567087e+00
1.164814950764904040e+02;7.534247523371246302e+01;1.888769904536184985e+00
1.146476859902381875e+02;7.464500639775052093e+01;1.393368581262728556e+00
1.204394995734272413e+02;7.493372372285431027e+01;2.279044699395054607e+00
1.248912972041495664e+02;7.494077554271959229e+01;3.110631577316737229e+00
2.229804624223020255e+02;7.396401966685816376e+01;4.213479478741512629e+00
2.443442613832692132e+02;7.395778317178081807e+01;5.384910821598893449e+00
2.288655580211941469e+02;7.303767397894348790e+01;5.972383911402724399e-01
9.614708069263510026e+01;7.557970913993408146e+01;2.746455818842818086e+00
2.293139698671167821e+02;7.304474992040219661e+01;6.024161315289268126e-01
2.463387231086685745e+02;7.301727537030652115e+01;9.774642225514554861e-01
2.024637004462797449e+02;7.301324454503095751e+01;1.424133685304384223e+00
2.187282453482628597e+01;7.645371401232910102e+01;4.468625200307245748e-01
1.034788659818034375e+02;7.500375838242295856e+01;1.631429458119670328e-01
1.063466971676378563e+02;7.495860027104005496e+01;5.388215592916149044e-01
2.018599166424722284e+02;7.354866854494910910e+01;6.247338646519945415e-01
2.028799303522573325e+02;7.357674701201688094e+01;6.112044812751403766e-01
2.138947182503050612e+02;7.402142670955915094e+01;4.050467605359778567e+00
2.195479765271786050e+02;7.387640321781529451e+01;4.491980829442296042e+00
2.238650004741784869e+02;7.389272976607431076e+01;4.205339557351394753e+00
2.359320581839837985e+02;7.379729327139942541e+01;4.626800625736932737e+00
1.237173731626040620e+02;7.467320049032180407e+01;2.059653808028593325e+00
2.402734074150611150e+02;7.297457940305802992e+01;1.404585490170170425e-01
9.292909347216655647e+01;7.553609136683884628e+01;3.092912631194741024e+00
2.443321328802917378e+02;7.289979907305399820e+01;1.720200776876072146e-01
2.443365063467415439e+02;7.265721283069973424e+01;5.580094521132258345e-01
2.472862700508036085e+02;7.347896046809319159e+01;4.095305965932841907e+00
7.918528727451774785e+01;7.516017291038176040e+01;2.031581430099708638e-02
2.473811855148491077e+02;7.311337560147623549e+01;2.111326035584319527e+00
1.294029667184683490e+02;7.485437520486063079e+01;2.489909842509861804e+00
1.333217922271173279e+02;7.509098351955347539e+01;2.607530133064445810e+00
1.982845758592596042e+02;7.361420183859884503e+01;6.106500954076109489e-01
2.459505817523684073e+02;7.298625998236316548e+01;9.988196390235807298e-01
5.642676087335797064e+01;7.606376546908154523e+01;1.959766022454903167e+00
6.282813139523504020e+01;7.609108974257522107e+01;1.994093098701541722e+00
7.539055482581653678e+01;7.545250025190503607e+01;9.135977054840649370e-01
7.883913616145346737e+01;7.549228530269220983e+01;1.012129423803382000e+00
9.230364557444504214e+01;7.579943150403009611e+01;2.658117282018312100e+00
1.198561365158116558e+02;7.530083983609985410e+01;3.466671090093479624e+00
1.253835389431247478e+02;7.486241260464915115e+01;1.514303625990760960e+00
1.288587755957810259e+02;7.490638764090795121e+01;1.533995600842330331e+00
1.278209065352232159e+02;7.488729054281515118e+01;1.575001919637474934e+00
1.928409766692877270e+02;7.472364186545887321e+01;4.986157501048475993e+00
2.047386347208510813e+02;7.317238141265762863e+01;1.878788325649745738e+00
5.032147842438283902e+01;7.598862158158091518e+01;1.922528758078456468e+00
2.225326710497266163e+02;7.355872715546863105e+01;5.446773494063890553e+00
1.328051902270014182e+02;7.523138443397823494e+01;3.308434620649479907e+00
2.238989101375433677e+01;7.618907555703404455e+01;4.340464261446910776e-01
1.343698313780736271e+02;7.485934432707254871e+01;3.455957548347456942e+00
1.393527573696358672e+02;7.446109747016993197e+01;1.010098000754236391e+00
2.044396894548841601e+02;7.300520469121835276e+01;1.125398379674960703e+00
1.923354679951422099e+02;7.448755929236624240e+01;4.890821413144969654e+00
1.948806809736072694e+02;7.339579218081406964e+01;1.438510401117450987e+00
7.573915281361841778e+01;7.580498494802505149e+01;1.416378125375125752e+00
1.593163931352608529e+02;7.420715294047920452e+01;3.349253741090636449e+00
1.915397339581290908e+02;7.385584736844083409e+01;1.277640110805554396e+00
1.928210030420003420e+02;7.441308710754204014e+01;4.859364582295098600e+00
1.949977313959264507e+02;7.380233868907978945e+01;1.293086995051925481e+00
1.968338259967285353e+02;7.435518027872400637e+01;4.897830457693868489e+00
1.039227927396789823e+02;7.504020804741510631e+01;2.197933255402559072e-01
2.043458833820239136e+02;7.332670115994355342e+01;1.517840473994687800e+00
2.123475921238635635e+02;7.340257952911730399e+01;1.024067715907533982e+00
2.281187006461434237e+02;7.256905000636876935e+01;1.823859560123421542e+00
1.348226550310466223e+02;7.454428109272105019e+01;2.072057734510788674e+00
2.234267271376414783e+02;7.405752122335958632e+01;4.927788992578606475e+00
2.443060698439222733e+01;7.619323225410454370e+01;8.274489783697527301e-01
2.243478331487841331e+02;7.400975901419622005e+01;4.831053718826851195e+00
2.258909429385630858e+02;7.334166551036507542e+01;1.446747396538677677e+00
1.282890516982039912e+02;7.501793565497814598e+01;3.526276435319335878e+00
2.418598914088236427e+02;7.348840435944985927e+01;4.516785653064911088e+00
2.459454686520267046e+02;7.301898648239486533e+01;1.562311981673841554e+00
2.474083463893911130e+02;7.302206271740503496e+01;2.559095977703169655e+00
7.383243873441459471e+01;7.541066522438931941e+01;5.280624125980681871e-01
8.037013354542537513e+01;7.571372086333987284e+01;1.802262149520919232e+00
8.143449382081560373e+01;7.594242291820603441e+01;3.346465691376462104e+00
9.139710126356300179e+01;7.526644136522556039e+01;9.550527450829413567e-01
9.546484054101375705e+01;7.585056216726864875e+01;3.407740257946604956e+00
2.188711641265848584e+02;7.346500242173124207e+01;4.508615830259003587e+00
1.181686883624646498e+02;7.518398491497787006e+01;2.070427202614836926e+00
1.243842854817089574e+02;7.533361744190574427e+01;3.398983531735230379e+00
1.313313701548536585e+02;7.479243363956176438e+01;2.453582465149917180e+00
1.367951231030782253e+02;7.448748545765545259e+01;1.503846130469281395e+00
7.482641788163989816e+01;7.558151797376035574e+01;1.517510403556102228e+00
2.013515447767946682e+02;7.337607757041564582e+01;1.007237891978153055e+00
1.163509469764818931e+02;7.512949254228185225e+01;3.399920069850788540e+00
1.396937046775769034e+02;7.437751880980562191e+01;9.956852206637794023e-01
2.030274992301896759e+02;7.354310894868490323e+01;1.315836883243402200e+00
2.053587539405918676e+02;7.342557717392267591e+01;1.039685822856023512e+00
2.094092649306452074e+02;7.348800861256479777e+01;1.053774173385630730e+00
2.153809651036192747e+02;7.378403352570985874e+01;5.010372642282646893e+00
2.189484962011783296e+02;7.334360399198186542e+01;1.650737338339331117e+00
7.741008161887656058e+01;7.514072363720046610e+01;1.339929643419285610e-01
2.229479500174971065e+02;7.404186999584941020e+01;4.972628836074904690e+00
2.383891573712422485e+02;7.336268898975454533e+01;4.616517812049876213e+00
1.268739627650080593e+02;7.483767136815032472e+01;2.411099309244089994e+00
2.262516808855147872e+02;7.283980983400205389e+01;1.515414145847111760e+00
2.269179700027552258e+02;7.296266224675187573e+01;1.440160415659791360e+00
2.273694769575070040e+02;7.300598742585221146e+01;1.455544184103360950e+00
2.468945139550681915e+02;7.307027544825369603e+01;1.630048513877760286e+00
2.303105172262724523e+02;7.281888567244193666e+01;1.549840724861972108e+00
2.343412388292560422e+02;7.382827966479139548e+01;4.932637556132086765e+00
1.374384591211943416e+02;7.457901097792205292e+01;2.396575711269610220e+00
2.438412680025917325e+02;7.241564187625894533e+01;1.424007907021125563e+00
2.399763583295649028e+02;7.287588762916614371e+01;9.808156557451734869e-01
1.972149225831102228e+02;7.328523573090534171e+01;1.833860536417493581e+00
2.324648875746708541e+02;7.375567356006048669e+01;4.255167911485843391e+00
2.442785556875579971e+02;7.348101527086438978e+01;5.075709143512447952e+00
7.669956377181581786e+01;7.536818555613885451e+01;-2.386306069108882488e-01
1.378726141988449854e+02;7.485143319937219530e+01;3.434373966967774638e+00
1.048611398125244420e+02;7.537519293615976324e+01;3.150267314597825496e+00
2.279083604478690575e+02;7.246283923082764034e+01;7.365524847647327844e-01
1.642197280931935666e+02;7.469853272022834290e+01;3.085448604559910546e+00
7.586710132450097888e+01;7.563382553700169808e+01;2.587419386560862566e+00
9.436163389452200079e+01;7.505596841800804953e+01;8.942626317535623537e-01
2.023515411162852615e+02;7.355980366580139673e+01;6.225925381443550011e-01
2.463500401888973101e+02;7.359562047882219815e+01;4.613534741788924975e+00
2.418754595164006389e+02;7.325887410381750442e+01;4.929019926474409452e+00
2.389793942108991587e+02;7.389070092105295373e+01;4.935010637301089353e+00
2.443588963051085159e+02;7.309204382332015371e+01;5.125388833111287568e+00
1.338671067495179159e+02;7.489593732979859908e+01;3.425609598000162848e+00
2.354799394905290342e+02;7.383168682997632004e+01;4.712700401921872562e+00
2.293014987339026334e+02;7.318120378041373897e+01;4.617672623465280068e+00
1.373552207637274876e+02;7.480299821022319406e+01;3.080736608074049254e+00
1.283375213569181312e+02;7.462462788565068195e+01;2.298012498233520606e+00
2.044953900366079154e+02;7.436079046003349902e+01;4.817302420213502856e+00
2.468131027455463027e+02;7.313531160617969817e+01;5.108229375869295374e+00
2.319300742480233168e+02;7.360225289238009339e+01;5.447796934960869031e+00
2.381340520034374819e+01;7.646569841364835440e+01;6.717956494240032161e-02
2.050423396736409813e+02;7.440119772732269610e+01;4.942419006424419337e+00
4.976666947864365653e+01;7.628854722395729482e+01;1.297153496297827058e+00
2.158442503793135074e+02;7.423325043891128416e+01;4.960823939810799388e+00
2.158320231915697889e+02;7.376923428716655451e+01;5.019258747550318311e+00
2.198897629651257262e+02;7.393608533426626650e+01;4.903547069592354646e+00
2.268654092577565677e+02;7.402371201475357054e+01;4.590781653476365243e+00
2.123639156674306889e+02;7.300827138673862748e+01;1.866274671076543434e+00
2.078893943102509922e+02;7.390155851986116886e+01;5.435923206327613499e+00
2.307544849707441301e+02;7.328398951008367135e+01;1.600599260327223217e+00
2.029941031392255582e+02;7.334181943788051683e+01;1.890872604819769043e+00
2.343630916253321175e+02;7.378112777167719116e+01;4.443751391430804887e+00
2.262950724291152937e+02;7.306114063328953989e+01;6.059270680434776235e-01
1.183878510869167968e+02;7.462108393639721271e+01;5.910015178536778269e-01
2.334627297604787941e+02;7.296901653131043020e+01;1.039747488470165626e+00
2.384068725593650981e+02;7.299712019460908152e+01;1.451777240580727879e+00
1.903776694009538630e+02;7.341581092111113094e+01;1.442321817117820482e+00
2.459663089746860294e+02;7.301005297322494414e+01;1.917312143228429688e+00
2.324356382966078627e+02;7.326694882725729485e+01;1.474052006589357422e+00
1.319160791637459340e+02;7.448386076511611975e+01;1.544198890888833109e+00
5.652943119000008210e+01;7.593571911201438240e+01;2.449801640878658260e-01
6.138634489226089386e+01;7.581151053356590808e+01;7.059612774949178826e-01
6.280761830383511324e+01;7.583105432982185334e+01;9.002040032268499026e-02
8.901647584329360541e+01;7.536260901831188619e+01;1.828201255085792898e-01
1.330976967144618186e+02;7.523444065936890013e+01;2.708015366221456777e+00
1.158578964054797211e+02;7.464360988534140517e+01;9.987377329075965982e-01
9.085341831559760806e+01;7.586861355723308975e+01;2.740615986728361708e+00
1.213567304541587220e+02;7.499131198896297690e+01;1.557302776220829577e+00
1.218400674725919828e+02;7.486139793728490588e+01;1.486482551176870670e+00
2.322275615207488215e+02;7.298086320045322850e+01;2.425635989195225495e+00
1.378610462088001611e+02;7.485762836513856655e+01;3.022599017360990459e+00
7.188258384631613751e+01;7.556403521312223859e+01;1.079725633952770547e+00
2.091469020489546722e+02;7.359544662149087912e+01;7.260951915725402106e-01
1.068849227396185313e+02;7.517977005275878355e+01;3.211998224494682752e+00
2.343767475343758804e+02;7.298951908646311892e+01;6.283497730025345840e-01
1.333960642770654488e+02;7.446388432071960040e+01;1.451588161760390072e+00
2.167502610285309288e+02;7.422064101175962492e+01;4.934704236073028660e+00
2.203521461875472482e+02;7.398403144424800360e+01;4.648210311465232891e+00
2.398522875796471965e+02;7.304968318208268840e+01;4.628145808123425908e+00
8.039402058713592680e+01;7.539596785677866819e+01;1.429160905386125391e+00
2.321001775864330057e+02;7.330538808347182567e+01;1.637564972362761662e+00
2.343043738343506845e+02;7.293607412566258574e+01;1.428306311257546923e+00
1.308448813010779475e+02;7.441262822282924105e+01;1.406064699586119238e+00
2.423894931514803091e+02;7.375702135461182252e+01;4.464892403104265384e+00
1.641644420540022509e+02;7.468608417559229906e+01;2.586813371648882143e+00
2.129182576193220484e+02;7.348957645788466664e+01;1.330901581683478163e+00
1.143983832582917302e+02;7.557583043238898313e+01;2.701044521119830399e+00
2.143240257680606931e+02;7.355243894995157916e+01;4.872920972453868238e+00
2.088125251461945595e+02;7.353392621065597723e+01;9.487001344086098964e-01
9.584155392960910547e+01;7.496512453534887754e+01;1.493377240496149005e-01
1.348429430003996004e+02;7.441722756765916813e+01;1.055079953775883261e+00
1.143752279104451901e+02;7.532973201390416307e+01;1.827710345195657338e+00
2.481280786487618073e+01;7.646479065332282232e+01;9.097924738544903578e-01
1.148435415047266162e+02;7.551938986761327044e+01;2.683377933837968854e+00
1.299698992089183207e+02;7.490038172515662040e+01;7.470900170788743466e-01
2.437317464317713984e+02;7.293684388040607303e+01;4.758116553217597300e+00
1.073052779748448273e+02;7.573521324535040833e+01;2.916969656682124601e+00
2.409384667537338771e+02;7.391634615901672589e+01;3.716826970457161039e+00
2.424293210082982455e+02;7.311166374126877088e+01;-2.535731108943946599e-01
2.429260976083175763e+02;7.308316092532790265e+01;-3.608960490684539613e-01
2.461418552950417507e+02;7.323467366450368843e+01;6.490451757920292497e-01
1.888368779233380224e+01;7.647718876778725416e+01;-4.210504528373734678e-02
1.221746710774721691e+02;7.530505406075687347e+01;2.015455155924370523e+00
1.887969747084278893e+01;7.648285538873011546e+01;5.489598148254608567e-01
2.233048717015876150e+02;7.345236139540953957e+01;4.507176275007406474e+00
1.941442225926572718e+01;7.647321786319091075e+01;4.543000094630262886e-01
2.367907696478094977e+02;7.364084293606458687e+01;4.189423438265734490e+00
1.987707139719642768e+01;7.644717274468527535e+01;4.055487719306518635e-01
1.593827925006232817e+02;7.412422796763416954e+01;2.815047679476569531e+00
2.139563687332027797e+01;7.644258753102977266e+01;4.249268565704008571e-01
2.390475869476820847e+01;7.643299273240010905e+01;8.898510236773896631e-01
2.440188898090728742e+01;7.645423933645987802e+01;8.777169562970517092e-01
4.839569806652323081e+01;7.635361929131536840e+01;1.317061471450431842e+00
6.914695615175742205e+01;7.631231554169534093e+01;2.793982677197079045e+00
7.518962925416062149e+01;7.623101051610937873e+01;2.882874632774219847e+00
8.279740903016815423e+01;7.599025669738601607e+01;3.409117685772220518e+00
2.150931528824251870e+02;7.373936057111261277e+01;4.396626994340918415e+00
1.254218058263487592e+02;7.529052226134771786e+01;3.337683887757714185e+00
2.066506174811086396e+02;7.358100294057962287e+01;1.445230473272884009e+00
1.363304224398555675e+02;7.530856119046350727e+01;3.290842592081901330e+00
2.207631690449182145e+02;7.338779941395149820e+01;4.162745413071260892e+00
1.388901098430828824e+02;7.524555619856275257e+01;3.187824103570799039e+00
2.404731424266252020e+02;7.291709257915570674e+01;1.323663825469308053e+00
1.023474397230215658e+02;7.571249370336568063e+01;2.755378706547200185e+00
1.632004919823664579e+02;7.474125193838715120e+01;2.960603786467447041e+00
2.398643991377726365e+02;7.245440689888322083e+01;1.450486754486816965e+00
2.037733122964107508e+02;7.380549670878463075e+01;1.349687093054995568e+00
2.368718737077652179e+02;7.289492998385537703e+01;9.325099408039733140e-01
2.430967149903436848e+02;7.396196668918005912e+01;5.304493758734170505e+00
2.463462788414450699e+02;7.390439270554118423e+01;5.284084940250209250e+00
7.542948649450279675e+01;7.564424315750004268e+01;1.531376745527972760e+00
1.160438831909650901e+02;7.481455177097961950e+01;1.907100435181301012e+00
9.534999755689024425e+01;7.549837849684936941e+01;3.118461907728760529e+00
4.954099702208054623e+01;7.628929659544138531e+01;1.281153884809083765e+00
5.682607050271566607e+01;7.630708055996086614e+01;2.004504077955525432e+00
6.789929829086219115e+01;7.627463726598809046e+01;2.810890310074543486e+00
6.812291044206938295e+01;7.627286122806199842e+01;2.821650613960184462e+00
2.366986276450024889e+02;7.373311677693885713e+01;4.790856471129201211e+00
7.872323200571547375e+01;7.587547171554730596e+01;1.788276347065607785e+00
2.015778673799042053e+02;7.320653710705090589e+01;1.781832534579363525e+00
1.238527415299938639e+02;7.495143415807365272e+01;2.419776526957743368e+00
1.955918620726028507e+02;7.444079218841370960e+01;4.834377165965896950e+00
1.958396428486273066e+02;7.352380832519142473e+01;1.373771928037333723e+00
2.428841241396501687e+02;7.317364175254097347e+01;5.449056109653403368e+00
2.424474966433690781e+02;7.328860623638854577e+01;4.991287862072987025e+00
1.178850838699472945e+02;7.504841953239704821e+01;3.143119879222296298e+00
2.439056505058509572e+02;7.339514476828377099e+01;5.462180477221179942e+00
2.470765658594345382e+02;7.288662230200495173e+01;2.325342262155421835e+00
2.477946889680125651e+02;7.287098336867863679e+01;3.049484335668180446e+00
6.254892725585137470e+01;7.625075745606515909e+01;2.043287895115078356e+00
2.446216532122079457e+02;7.367223770772837099e+01;4.721090764607929202e+00
1.394354925075101335e+02;7.482225580820329469e+01;3.031073208535513874e+00
1.933831688185854887e+02;7.339296800228440532e+01;1.062425909838654814e+00
1.964445655751921436e+02;7.371818268361380433e+01;1.348044432934422998e+00
2.363229258197980016e+02;7.339303993588207220e+01;4.573271985129601092e+00
2.364228493613227329e+02;7.291683046344303420e+01;1.451787991966858593e+00
1.943136641016648412e+02;7.393669186310003738e+01;4.872868033555112888e+00
2.388578010105955229e+02;7.344148195603281692e+01;4.573153116334868429e+00
1.341459711728605555e+02;7.476923077201489320e+01;6.595269645959379590e-01
2.038224282570439243e+02;7.367914590883732728e+01;4.584911311823230307e+00
1.628044698230527842e+02;7.443773222387375199e+01;1.652143473671742413e+00
2.328229806315916903e+02;7.377180718172796503e+01;4.877914588190113143e+00
2.154963581309591518e+02;7.382681813146318461e+01;5.442361845784418506e+00
2.362971232534779915e+02;7.353196793193296799e+01;4.101706135865482494e+00
1.730607221586700462e+01;7.659071270980365398e+01;-2.991078313610067707e-01
1.072137959248627368e+02;7.551142492011273077e+01;3.100074230452471991e+00
2.348756610934942728e+02;7.294304628525145517e+01;5.979004224031826409e-01
2.399757038484378029e+02;7.342223424430051182e+01;4.531609773120483631e+00
2.433597511135750722e+02;7.344680660463511401e+01;4.646265996647735541e+00
1.365621439499516896e+02;7.482325448438049875e+01;3.375020643648736218e+00
2.258813202761376999e+02;7.298096323541443553e+01;1.095741880550762382e+00
2.481422994674991003e+02;7.280936922765312147e+01;3.653558182777603580e+00
2.288890189861920987e+02;7.284752590226021596e+01;1.496395803310029526e+00
2.363239052824501982e+02;7.293560200417356043e+01;6.649346406376505092e-01
1.955705926282398934e+02;7.442592100716194636e+01;4.195704933799713210e+00
2.088367934358971070e+02;7.347595872836532749e+01;7.027450690016197044e-01
2.128902653359112378e+02;7.392509720650726024e+01;4.211784086193839372e+00
2.034232650123631174e+02;7.304072052732468023e+01;1.163329464341279040e+00
2.142863245303844053e+02;7.400356809394475022e+01;4.018537102337231381e+00
2.278965819902712440e+02;7.301536601468748700e+01;6.520969355516332833e-01
2.298405883089031647e+02;7.301555258074618848e+01;6.121769376553163333e-01
2.302078102925604526e+02;7.306988873526641726e+01;5.589468953505977167e-01
2.343079926393222934e+02;7.364298074183646747e+01;3.739529068605347728e+00
2.334307588823637332e+02;7.298302179549229152e+01;6.951259620121829075e-01
2.358871041126411683e+02;7.353768714843504029e+01;4.133629276995666402e+00
2.467826832328070736e+02;7.356548700576088606e+01;4.237023155205106306e+00
2.149612235503573174e+02;7.359691491507487626e+01;4.677929927935607246e+00
6.937446652459841800e+01;7.604251906400182293e+01;2.050006136769239262e+00
2.443759122501344905e+02;7.215723372051590445e+01;9.634799755637639684e-01
2.438368601407627807e+02;7.279806604403655967e+01;1.331379008120004981e+00
1.962854032756519018e+02;7.362743191926003306e+01;7.512478569881282375e-01
2.366705761597063713e+02;7.351085387245386471e+01;4.513949355513054762e+00
2.049369418809178853e+02;7.349023485130685174e+01;2.419603375146217594e+00
2.388037020327326161e+02;7.361390394437992768e+01;4.026569886992551695e+00
2.118732394552474432e+02;7.407192171886671872e+01;4.102003476479249677e+00
2.153624075206831492e+02;7.391316329728992685e+01;4.547448649725239989e+00
2.371759482567107966e+02;7.366769451069542640e+01;4.227634605655672395e+00
7.011109425436582399e+01;7.574449952390628482e+01;1.160342225874432115e-01
1.953548309814108848e+02;7.387474659683164191e+01;4.670825028699915116e+00
2.008352890833182016e+02;7.339737889219482270e+01;1.063348033702768980e+00
2.218934405458387289e+02;7.395293316517214066e+01;4.586986107936280810e+00
1.993404564971832826e+02;7.363353200057798631e+01;7.105490157086263858e-01
1.393983198649629855e+02;7.451278302439172307e+01;6.887488601061657612e-01
2.474323713104453191e+02;7.328315048490854622e+01;3.101779901581592114e+00
1.633720259073594150e+02;7.407378704518916379e+01;2.547174082711142429e+00
1.263941920791746298e+02;7.452625765110343536e+01;1.164258694679026540e+00
8.196331031928171740e+01;7.595147277700756661e+01;2.213398519879720805e+00
1.198670897653564396e+02;7.502461072322040536e+01;3.087026246219882086e+00
1.043570794518482785e+02;7.517883500012726472e+01;2.096196712119103578e-01
2.318567736164530686e+02;7.252925386215726178e+01;1.148214498589028132e+00
2.317923582083217582e+02;7.287770199494443091e+01;1.075311524956808373e+00
1.151874606103728524e+02;7.539032034516539227e+01;2.676237438597465879e+00
1.998365426077673135e+02;7.359227164733027848e+01;6.833591141334118824e-01
1.998626578210523235e+02;7.343438152032726407e+01;1.105917170699540097e+00
2.257673770406244671e+02;7.344986124751702050e+01;4.734740794017088916e+00
1.273832470335507168e+02;7.480922197503031157e+01;7.390923617065561224e-01
1.296072640536588096e+02;7.524416796127437124e+01;2.737331643753420973e+00
2.383692386534081891e+02;7.344779851349581179e+01;4.173328963258517099e+00
1.881822387388356077e+01;7.634599905742419423e+01;-3.464971856505183467e-01
1.934023077204190599e+01;7.631566736126113426e+01;-3.786964135236308149e-01
2.343652730739081846e+01;7.628175760519646076e+01;-2.574319514086767513e-01
7.175225671560127694e+01;7.562342034280941050e+01;2.315343041574019711e+00
2.366796205144577669e+01;7.628229019139637046e+01;-2.335446325911894050e-01
1.175291962479666097e+02;7.465288583247240695e+01;1.411761205741638658e+00
7.484422529056122642e+01;7.548597878231615255e+01;1.102825492647192540e+00
7.590166678747006301e+01;7.534237487784581333e+01;-2.657949352900046414e-01
2.420052140868126571e+02;7.270912340845792698e+01;2.485089723606052348e-01
2.331507386930365726e+02;7.270029068147641738e+01;7.001790035782717858e-01
7.635553906088924236e+01;7.532817935460285241e+01;-2.417862900639527468e-01
8.985441039822677567e+01;7.556100141239600987e+01;3.022564605151842887e+00
9.036670311385547905e+01;7.556713956930346399e+01;3.093013067445479880e+00
9.033062656919577194e+01;7.507868139395932872e+01;1.573035990979810561e-01
9.090449419736782488e+01;7.563346001513748718e+01;3.120984057685073587e+00
1.267349631912406949e+02;7.452851890170536819e+01;1.497841955511719059e+00
9.178166111499493240e+01;7.511641008250762752e+01;2.233864216039881112e-01
9.187658420108579094e+01;7.560860831785069536e+01;2.676749112149683363e+00
9.235558203588126958e+01;7.512001176036864081e+01;1.892032196773450747e-01
9.238119269190777061e+01;7.556459737829443668e+01;3.126763298245312850e+00
2.428605443209410453e+02;7.328684795476263503e+01;5.119032241897261137e+00
9.332201962685736873e+01;7.501348503189349515e+01;1.050892185077312996e-01
9.438519079113888210e+01;7.554600620881127782e+01;3.067460799112068148e+00
9.489804755771919531e+01;7.512005698409640786e+01;2.527355963114341630e-01
9.581457635502870573e+01;7.558483172969744146e+01;2.742618455968016455e+00
1.044092896354493263e+02;7.469500432665041956e+01;8.200861372783359027e-01
9.636322542494245624e+01;7.509720292935861607e+01;2.092429749712596265e-01
9.637351743605032084e+01;7.552188880717467612e+01;3.089326661309526489e+00
1.051896718236064174e+02;7.564896628800593703e+01;3.857316352311132235e+00
9.694394373210629112e+01;7.550364195384992172e+01;3.109401860926931160e+00
1.024617768149731205e+02;7.485469765587217239e+01;5.790511754139746614e-01
2.119044133038687505e+02;7.306049971351433214e+01;1.816012411687642381e+00
1.264160204541887254e+02;7.479676638035769543e+01;2.074159728348996534e+00
1.187989822892050711e+02;7.465036834487409578e+01;4.582164717307529167e-01
2.103970791222620562e+02;7.382232735055418971e+01;4.914484477568308307e+00
1.203958156733367844e+02;7.506797481204669964e+01;3.085849844297410716e+00
1.218466946363152204e+02;7.512378709439779811e+01;2.732464636890638676e+00
1.218235563932715024e+02;7.499187253254608265e+01;3.141230521234526840e+00
1.233576500484809912e+02;7.493303352973011044e+01;3.072620179364985216e+00
1.238485387600515679e+02;7.493357675737863133e+01;3.102950820931693610e+00
1.948362173547399721e+02;7.388096553552998103e+01;4.878777219176444468e+00
2.088232134259926340e+02;7.388345052732876184e+01;5.308420376363200077e+00
1.243888723646763879e+02;7.499465858984432032e+01;3.065655200708503170e+00
2.275051757799574546e+02;7.316581818629937572e+01;4.586481341673004586e+00
1.249616890222391987e+02;7.466696360204741723e+01;6.518255257636601518e-01
1.258401096438608704e+02;7.499558120396524430e+01;3.067345861740227608e+00
1.269824283995184118e+02;7.451107870476280937e+01;1.052530142263252699e+00
1.289000624328187996e+02;7.497006819619348050e+01;2.596454266395495925e+00
2.112541129764591687e+02;7.293470241847641944e+01;1.803533734828635327e+00
1.289357144406406803e+02;7.447886401596842632e+01;1.155625216971823965e+00
5.884415200151405401e+01;7.564052193126445900e+01;7.343438942099999034e-01
1.318554070391483037e+02;7.481419569195666952e+01;2.504837902381129577e+00
1.324548574134400667e+02;7.437981049902573716e+01;1.182334878389787125e+00
1.339512540446142168e+02;7.456412251704804817e+01;6.990117900325993894e-01
1.288253274633809440e+02;7.494517509188152360e+01;3.443855193521118796e+00
1.358999846639177917e+02;7.440423295102942802e+01;1.107064253463876380e+00
1.383510866689430827e+02;7.435827779483020095e+01;1.422476501478707522e+00
1.914142006245119489e+02;7.403900567931546561e+01;4.625118043070009399e+00
1.923534705406638636e+02;7.416430753037516865e+01;4.202390371234239197e+00
1.923349650846796237e+02;7.348588795502791982e+01;6.581958018017272094e-01
1.608568654625105410e+02;7.410464848471990251e+01;2.650201882880769411e+00
1.960310044075619658e+02;7.405617673647689969e+01;3.978341893001817287e+00
8.898170955311965713e+01;7.509958326771337056e+01;5.334098146358760006e-01
1.973597697889913434e+02;7.397719505165646581e+01;4.627372475423337406e+00
1.978099208573005967e+02;7.395669178668948973e+01;4.661525116098916399e+00
1.292701100978941611e+02;7.468220002817575676e+01;3.034466448841692365e+00
1.980395649548084691e+02;7.407800836962061908e+01;4.274749342038810518e+00
2.043801634148322250e+02;7.338871518447930953e+01;-8.529073324498597994e-03
1.993987415583168570e+02;7.400794139286607276e+01;4.648623950472130950e+00
2.115870741455146060e+02;7.270828009354457322e+01;9.890066460565154483e-01
2.003130621635253306e+02;7.405505108686639915e+01;4.507559254168135965e+00
2.009140489026979139e+02;7.398337379225969812e+01;4.607436210656348230e+00
2.408745660583658150e+02;7.349179866381227555e+01;3.616343788085734090e+00
2.023354960198577146e+02;7.391546934565180038e+01;4.657631015803701757e+00
1.353340158537097011e+02;7.417297626363919960e+01;1.032679247904441322e+00
2.014211957262814394e+02;7.348028662590792237e+01;6.338872364836172224e-01
2.028856590427029403e+02;7.395335342166910664e+01;4.588310970713501469e+00
2.319740767173229017e+02;7.341681134139849974e+01;5.088687318450085151e+00
2.029123146956042660e+02;7.399092760212039366e+01;4.268803268229706127e+00
2.053124722524867707e+02;7.399566068614974768e+01;4.049620782277153275e+00
2.103809919001003266e+02;7.389909469001584341e+01;4.229698696550117987e+00
2.194458307913825763e+02;7.298534179277349665e+01;1.105593628076702917e+00
2.199380873680616730e+02;7.301814425617965298e+01;1.127334658522179289e+00
2.219067611971111660e+02;7.358714883366624804e+01;4.567590078349312854e+00
2.209796409254452669e+02;7.301311118080683116e+01;8.560625989737173924e-01
2.224457444281765959e+02;7.346551053221517691e+01;4.645355459979651158e+00
2.228653851243827546e+02;7.352849016819608607e+01;4.536921082261591742e+00
2.253868128545202296e+02;7.301830923629522374e+01;1.092204418919000775e+00
2.342890839369732134e+02;7.355727491304470789e+01;4.536591950673108720e+00
2.352453164235610359e+02;7.266317940227348515e+01;5.318777123461009282e-01
2.356752401110961443e+02;7.266959509378908422e+01;4.193436099318962329e-01
2.399190194550546380e+02;7.338981733048966305e+01;4.134735135034899756e+00
2.408812315236477843e+02;7.250573942290751006e+01;6.123778127343583177e-01
2.413781689143672224e+02;7.248027294989458369e+01;5.246662119481922959e-01
2.418601008514609987e+02;7.250936099426910175e+01;4.702832139834763892e-01
2.423569936021911531e+02;7.257208587046348214e+01;1.300161441241777516e-01
1.733269862099291103e+01;7.641545563457592039e+01;4.315293575439571039e-01
2.518225763320836563e+01;7.609446349055906467e+01;8.585771472940446208e-03
4.491005548785962986e+01;7.613720535789994415e+01;1.514575500850041001e+00
1.283342179341501605e+02;7.457063880118428756e+01;1.547995313370724269e+00
1.342976798273637655e+02;7.445446684150809347e+01;1.099311295370849484e+00
6.895731398736784001e+01;7.573021608004579264e+01;1.449737769076846483e+00
1.944229852130950746e+02;7.314470612208236844e+01;1.305172923627187842e+00
7.186305833642576602e+01;7.558551132863269117e+01;1.486242306212315123e+00
1.933378536860924726e+02;7.308360828793912845e+01;6.554996957029133320e-01
9.037538947666591582e+01;7.505185538393173772e+01;5.121304460414639603e-01
9.136556857532420395e+01;7.503629296603293142e+01;5.162077872038740578e-01
9.186256982226714740e+01;7.503469471106035371e+01;5.419186839133693923e-01
9.235837470088053180e+01;7.501284277762064789e+01;5.149440447739396243e-01
9.333469173541759289e+01;7.500526615904759353e+01;5.150846984773247428e-01
2.278568954684612891e+02;7.344306825776899927e+01;4.996456660837415242e+00
9.342002194453405650e+01;7.559583485874932762e+01;3.412061531267582826e+00
9.391845871832647674e+01;7.498734483375152138e+01;4.858723164033405539e-01
9.531894032125866545e+01;7.495515481703330352e+01;5.031147407749619882e-01
9.539520769725169203e+01;7.556964270679945628e+01;3.442027591924112784e+00
9.586619581982532168e+01;7.491502622233066688e+01;5.173429512225499183e-01
1.034150895522899134e+02;7.488002852280877164e+01;9.044817557547166764e-01
1.173589698380225173e+02;7.462727537325412186e+01;9.487271584652675616e-01
2.033196227428072689e+02;7.343162011125269828e+01;1.213761832204908048e-01
1.219329085003419948e+02;7.458337698971592999e+01;1.032925756662714356e+00
1.233477530050966493e+02;7.504710455697312455e+01;3.436918618984424967e+00
1.233367797740754241e+02;7.459108573608052950e+01;1.049008500540502986e+00
2.194546833687751359e+02;7.365581914555863818e+01;5.500040791238649085e+00
1.238620124502437392e+02;7.502868533112368254e+01;3.428441060588138800e+00
2.022368285770856744e+02;7.328903701114666092e+01;1.397766514826215944e+00
1.243269278184657622e+02;7.506270732356709630e+01;3.453000452376343343e+00
1.248725811204369904e+02;7.503255007400991872e+01;3.427782929395692513e+00
1.258996632214073799e+02;7.462253407803333971e+01;1.089863406014931035e+00
2.430476356902387920e+02;7.269743508259678322e+01;2.027547590513262055e+00
1.263198795703060568e+02;7.504830657928636128e+01;3.395018267073495188e+00
1.283561806367036979e+02;7.500497789766127710e+01;3.052830382059323444e+00
1.288222569174352543e+02;7.457583504619898918e+01;1.487706840141580944e+00
1.299117340878230209e+02;7.445743111244777879e+01;1.482896802061170138e+00
1.338409415039307078e+02;7.439313254314673429e+01;1.101753831966428399e+00
1.343693448357095406e+02;7.443849443634236707e+01;1.467301331600468384e+00
1.358973325933405647e+02;7.450863406868344896e+01;2.085042920219565055e+00
2.283721069837017126e+01;7.617867231820618201e+01;1.645420114945008727e-01
2.430692296061632192e+02;7.264370508250500791e+01;2.531560341920200963e-01
2.387477959552105631e+02;7.250968718094773635e+01;1.432252865520633023e+00
1.373513244695989783e+02;7.443628108391720843e+01;1.020726113146655178e+00
1.378959139657502533e+02;7.441508756645282574e+01;1.068442149673450414e+00
1.386482326689587694e+02;7.461273485410484341e+01;2.334525972089611656e+00
1.388030086207691625e+02;7.457397452446065245e+01;1.967212757862584205e+00
1.593837868488449203e+02;7.432286193864567281e+01;3.059974638498359489e+00
1.919378568543140204e+02;7.411687447074358204e+01;4.978420977793005520e+00
1.929090613914088692e+02;7.405644658433314476e+01;4.965836373727092301e+00
1.933822782289780093e+02;7.402913210406534006e+01;4.983699649619787841e+00
2.108118829943120147e+02;7.367576639337467270e+01;4.565534122747996193e+00
1.937753868557675787e+02;7.404799590814614874e+01;4.643831265325947477e+00
1.973513057258017795e+02;7.400323332000938592e+01;4.986804312325139321e+00
1.978533069420288371e+02;7.399387307655536006e+01;5.006145580203328116e+00
1.983754921629926287e+02;7.391931420687267007e+01;4.974856304418699082e+00
1.983386671650993378e+02;7.331291705775393552e+01;1.462220963990854550e+00
1.988817495088264877e+02;7.332368889754579300e+01;1.490150379058146068e+00
1.993350832908767245e+02;7.332222204971671431e+01;1.477092694983411780e+00
2.008796092462267779e+02;7.392758019009202997e+01;4.980186106899150644e+00
2.008913169660819165e+02;7.329823219986846539e+01;1.506651845677812407e+00
2.253577857807432849e+02;7.283754271218717236e+01;1.527816547888375842e+00
2.028959407234171692e+02;7.394647842951063410e+01;4.911343071807122485e+00
1.184561019069980290e+02;7.511866939306386826e+01;3.448307650983944317e+00
2.133753649556301752e+02;7.292386279197704368e+01;1.114839727236283107e+00
2.283575481398329714e+02;7.343666553584814949e+01;5.004861961024713146e+00
2.013299211313959631e+02;7.402978824524821277e+01;5.367583583307546924e+00
2.294111381948280837e+02;7.345339440238846862e+01;5.022322272532701248e+00
2.306936432995284747e+02;7.279788607224240593e+01;1.628477063223225718e+00
2.328087529257733479e+02;7.281909184136297597e+01;1.027006792241241806e+00
2.409379792206650848e+02;7.305018721389477321e+01;4.271077069552573491e+00
2.333781028077545727e+02;7.254478552907922051e+01;1.118870776598222205e+00
2.358485922615211337e+02;7.251032630200877804e+01;1.087299359628914885e+00
1.332400464595264395e+02;7.452013943118562622e+01;2.020553618253882799e+00
2.368472390205691340e+02;7.253820087244824322e+01;1.506839735010684578e+00
2.378453555871493847e+02;7.254673301267403929e+01;1.522067813007441872e+00
1.358592794550007454e+02;7.419043469925640011e+01;1.246588043840919813e+00
1.359797136123164307e+02;7.467281851182066532e+01;3.132075340955315035e+00
2.138772403255764516e+02;7.375870621370722802e+01;4.881302090260753346e+00
2.383845100062008839e+02;7.255908556007774735e+01;1.485835619672216668e+00
6.544909535075470330e+01;7.567150028490416958e+01;1.924235494588304007e+00
2.404223900409992041e+02;7.240585041410844269e+01;1.053647592447355619e+00
5.990755435911356130e+01;7.563810476463039834e+01;7.331575919208099812e-01
2.032674299468244072e+01;7.628689159464369141e+01;-3.586989847057294734e-01
2.408142171402204212e+02;7.239016360080793788e+01;1.042981700592556571e+00
2.414050279167324504e+02;7.238437243870029647e+01;9.838266639482663445e-01
2.418812411281020616e+02;7.239888716602834506e+01;9.632833560843532261e-01
1.328783614442519934e+02;7.467055468160998544e+01;3.112027692331226003e+00
2.493539588756511449e+01;7.614041104763659007e+01;-3.835411815164300742e-01
2.104235832897013836e+02;7.367588731538349123e+01;4.645388676554664364e+00
6.926725408623636326e+01;7.558755185520524833e+01;1.179318543916609174e+00
7.142421162470874663e+01;7.559618985016960835e+01;1.466954795622720908e+00
1.948060813006438536e+02;7.315386862844192706e+01;1.146311282696364842e+00
1.028313701790169716e+02;7.564049771851996695e+01;3.820462970436564021e+00
9.283446847362414189e+01;7.505801264556023966e+01;1.535917931695227889e-01
9.339909270878422376e+01;7.552357063121867498e+01;3.099947264031063465e+00
2.141673565130842860e+02;7.295350519567270453e+01;1.376278492170999623e+00
2.434307199191125051e+02;7.330110884479027789e+01;5.412187448096083209e+00
1.028156137481985724e+02;7.535409824638423970e+01;3.134615837849614284e+00
2.188646660258914380e+02;7.266498258177794867e+01;1.169132786982903127e+00
1.053609714932906201e+02;7.534277079479426220e+01;3.115913770449679543e+00
1.948440785933736663e+02;7.310717497810406940e+01;1.331749286112297037e+00
1.133778429047471832e+02;7.510475742146914513e+01;3.191309847647085807e+00
1.057553363822357397e+02;7.538723977593676295e+01;3.080521233215280485e+00
1.173509990057410590e+02;7.460963364717486002e+01;6.318093062213444577e-01
1.228745674165018755e+02;7.461105572194229296e+01;6.302051628758456037e-01
7.153799202692476911e+01;7.556091849757874002e+01;1.851954131995746877e+00
1.288599015215711177e+02;7.494214902687662061e+01;3.053619970081516755e+00
1.373698269586735421e+02;7.441279469525213131e+01;7.555049959766557688e-01
1.963807472434332908e+02;7.402204471178666267e+01;4.667498731126156208e+00
2.439016333976494479e+02;7.214038836759681317e+01;1.050871768508539805e+00
1.968757403154474162e+02;7.398358987508507312e+01;4.659238747095624689e+00
1.203205894594232461e+02;7.487371354041970051e+01;1.874618773337498823e+00
2.049086946788360137e+02;7.321126947549007014e+01;7.653059523270185904e-01
2.353209880126695737e+02;7.315713763323039132e+01;4.989186955314915295e+00
2.327195435128242025e+02;7.284431586662115876e+01;7.468875290355029284e-01
2.389387908194040335e+02;7.261568361732298627e+01;6.507620162101778183e-01
1.205870449160559730e+02;7.523443010227890682e+01;3.858303908458230236e+00
1.944196425367763936e+02;7.329478999873836642e+01;1.374794863722637928e+00
2.474080788418020518e+02;7.289769492147269148e+01;3.078990751093130029e+00
2.018475855240945975e+02;7.366058394321625258e+01;4.685257266081298333e+00
1.134123385617111950e+02;7.509030939155768181e+01;3.392595058017732867e+00
1.745266816558579137e+01;7.633077574161674761e+01;-6.993111655120552717e-02
6.279632267413032309e+01;7.553004488975160768e+01;8.036959437904367398e-02
2.405721539471091717e+02;7.264019947896818508e+01;5.947051537913596864e-01
6.535314479990330483e+01;7.562398241349410455e+01;1.416657732031866068e+00
6.638257782710749666e+01;7.562969979408963184e+01;1.434124124901870134e+00
2.198379189405810905e+02;7.263772697227722119e+01;1.173491685315731781e+00
7.937128802969706953e+01;7.564030641934905930e+01;2.948399969742608651e+00
6.684879804794459801e+01;7.560960357503438445e+01;1.422316983507625032e+00
2.145511054757840341e+01;7.617284402528743215e+01;1.603308546117093725e-01
6.731359401636298401e+01;7.559275321280571802e+01;1.387065839836125969e+00
6.986454087935031509e+01;7.553740278353258475e+01;1.425584855463494227e+00
7.833897194899302008e+01;7.544331246862221008e+01;1.474912474040176225e+00
8.040198652760955156e+01;7.533468715787546444e+01;8.956528096363823854e-01
8.989218386908106595e+01;7.503875914120723678e+01;4.792047111575919449e-01
1.252644619351181206e+02;7.468075880260717270e+01;3.203131517636496062e-01
2.308141734592917089e+02;7.270760721489314449e+01;1.879366161330387586e+00
9.084964313831596883e+01;7.508798797325833618e+01;9.461830340014586449e-01
9.397658485822717012e+01;7.501028562615452699e+01;8.866709514315340712e-01
2.303810309296077321e+02;7.249542030365702772e+01;5.467513185420833643e-01
2.154444307580850193e+02;7.354886871435473950e+01;4.718767549050880028e+00
9.585351813634824225e+01;7.557761236730073051e+01;3.454793839954094281e+00
1.024009342035326426e+02;7.540439006736640692e+01;3.473183721469285778e+00
1.057821738068394097e+02;7.541618912815965814e+01;3.417069492669418285e+00
8.899120189290694327e+01;7.506796216571767388e+01;1.264185683721956999e-01
1.168757381617700446e+02;7.461567571517919362e+01;9.647303497905103109e-01
1.208909097026612471e+02;7.507436425774488953e+01;3.419475175009150103e+00
1.218606169060193167e+02;7.509685173138727521e+01;3.416393013929423628e+00
1.254037163581808159e+02;7.508795965242893544e+01;2.514500569115512452e+00
1.259119021856328544e+02;7.455829685315214306e+01;1.529230784434889356e+00
1.263547362465449169e+02;7.454774712182023677e+01;1.490965760110022353e+00
2.348855667385743118e+02;7.338331202358362759e+01;5.037304010909053886e+00
1.280755919432508279e+02;7.497986327319416944e+01;3.454698958637616002e+00
1.287810891423541477e+02;7.456824866186164513e+01;1.993932643741863409e+00
1.293405658463852888e+02;7.445519800095878793e+01;1.470694667782540543e+00
1.342246120032689305e+02;7.419562458134417682e+01;1.122759741683389878e+00
1.309423240635272805e+02;7.463080804555133341e+01;2.056710906121825833e+00
1.328674499867467773e+02;7.458074605701935411e+01;1.607388050988126427e+00
1.378964187338272041e+02;7.457055577412376124e+01;2.391842877835946624e+00
1.383449210700563867e+02;7.481352929454480716e+01;3.507433659083709632e+00
2.023789825482033393e+02;7.343754777144845036e+01;1.925380600662088826e+00
1.914081525503938224e+02;7.413292328256672192e+01;4.946609601360697717e+00
1.908444305955728737e+02;7.341816720297944698e+01;1.425722203708300162e+00
1.368290214158695903e+02;7.459440451115492010e+01;3.198013707483156498e+00
1.913773852700905707e+02;7.340219423054216463e+01;1.394380707439610845e+00
1.049627158963037203e+02;7.530045096963063145e+01;2.102746037159302972e+00
1.953006724316545331e+02;7.338642702597243783e+01;1.440349745147739835e+00
1.978528166850805405e+02;7.331894179641756182e+01;1.447748009997859908e+00
1.983753873635320133e+02;7.343399866945397036e+01;1.827375316484428636e+00
1.998809725460589846e+02;7.396136712265138158e+01;5.079066234381079958e+00
6.876113535967462553e+01;7.583465350345227307e+01;2.924435857976134479e+00
2.039227044382164422e+02;7.334909195974928764e+01;1.985285042902983133e+00
2.048854208919574944e+02;7.309847013509653380e+01;1.478227868156101188e+00
2.108456077593464215e+02;7.383346797522138161e+01;4.860520500063842064e+00
8.072165740109718968e+01;7.558352573289189991e+01;2.743680763072471773e+00
2.118617579814633416e+02;7.302010561736973671e+01;1.514693648350996957e+00
1.028744919626454788e+02;7.539256932916826770e+01;3.433626422899535235e+00
2.123533953683821949e+02;7.299753137584652052e+01;1.480694942786684676e+00
2.194426637200194250e+02;7.289983328462827217e+01;1.498985521395185261e+00
2.129322437702934963e+02;7.325404075812703297e+01;1.993907217844153923e+00
2.218655139643550456e+02;7.360175648376389290e+01;5.048396514526348078e+00
2.288677004022043775e+02;7.272694660104733089e+01;1.881677731492634953e+00
6.079921338952103582e+01;7.566679034329847298e+01;1.461630619097376460e+00
2.223237563260568947e+02;7.358490650058006111e+01;5.042908754021080853e+00
2.233077668356707761e+02;7.351452998929129024e+01;4.987834268720017228e+00
2.332882597492493346e+02;7.254842900340960909e+01;1.363336678320335560e+00
1.192187916109918291e+02;7.462902514612061111e+01;6.111931189300024991e-01
2.359002358741298337e+02;7.256043585652575700e+01;1.401797294753061474e+00
2.159719576824597880e+02;7.362989480764851180e+01;5.292251793936334714e+00
1.388562219083052014e+02;7.416749373585734872e+01;1.411198860418265033e+00
2.363871276000109845e+02;7.255036010992652962e+01;1.475744304818249697e+00
1.064596236178635138e+02;7.466181603766186470e+01;6.659562878077359693e-01
2.373813982037836183e+02;7.252522400446709128e+01;1.542260168369145923e+00
2.399496723442390760e+02;7.329755654962031031e+01;4.999548153782187754e+00
2.408664419518925115e+02;7.313709038940746154e+01;4.892073421128153576e+00
2.413612072102796162e+02;7.308811789776844137e+01;4.909991148358617608e+00
6.185684840839949317e+01;7.561606570543912653e+01;1.015511429576016589e+00
2.413634781354524534e+02;7.307220166381975446e+01;4.558176741541121402e+00
2.424133596712294434e+02;7.237864004970609244e+01;9.617955247742613345e-01
2.428397090607357427e+02;7.236467518197044058e+01;9.916713008269567586e-01
2.433398854421184296e+02;7.241744805184373490e+01;1.421549745504278706e+00
2.438363349304244707e+02;7.238526297299056012e+01;1.072201031867360710e+00
2.473885040978409791e+02;7.295665886475480022e+01;4.106475293419996397e+00
2.477983905988287745e+02;7.283146789811561916e+01;3.498276983368420190e+00
2.002962831400847676e+02;7.355222780383137149e+01;2.297542488159632246e+00
1.163544150983346128e+02;7.493108988985372321e+01;1.949503956274827976e+00
1.684522599439563706e+01;7.640388924329087672e+01;9.701644029105921385e-02
7.501628458702518287e+01;7.567092913521092612e+01;2.808154940508501340e+00
1.789731541135825665e+01;7.644805217443405354e+01;5.449708383134316270e-01
6.256102828924998249e+01;7.556646838149971757e+01;5.921453029516696165e-02
2.055742661272473697e+02;7.320820692993775936e+01;2.166907523427244797e+00
6.634761053869404179e+01;7.559350393360374198e+01;1.115661640488653683e+00
1.394328939880037979e+02;7.459776022118812477e+01;3.058696851911119730e+00
6.686453636214319829e+01;7.558588492497163713e+01;1.138724184493524305e+00
7.176860105862024852e+01;7.551884508698458376e+01;6.337203230032998347e-01
1.183967879569410684e+02;7.507634453680428521e+01;3.165875899172760910e+00
1.193334518441303516e+02;7.499528181874468657e+01;3.161402846802043864e+00
1.207908425390021847e+02;7.461067585302531313e+01;1.095796818413736551e+00
2.053084287793430462e+02;7.391640879773568429e+01;4.526132462512740595e+00
1.218417545032519484e+02;7.462479802249636407e+01;6.920130425503654426e-01
2.074477733088841376e+02;7.364173232150550064e+01;4.713472578503947297e+00
6.778775706030100423e+01;7.559802133745770902e+01;1.816195097480485909e+00
1.304249333799902502e+02;7.444285034240080279e+01;1.128639719661704399e+00
2.061774515326322330e+02;7.303922943599823725e+01;1.392544670269439511e+00
1.329288216938705034e+02;7.432189863583204215e+01;1.126632775648271245e+00
7.673320785021169854e+01;7.561939393728857794e+01;2.858498620535025125e+00
1.333835807826254154e+02;7.434237352420134926e+01;1.097421530064182082e+00
1.378986999840363126e+02;7.445857972280711579e+01;2.162965612518676473e+00
1.908638953000514960e+02;7.337056081042470623e+01;1.124595231479200486e+00
2.053730713687973832e+02;7.301918306262012948e+01;1.096543323803053749e+00
2.138891880904631080e+02;7.359903437047489660e+01;4.572160962325870770e+00
2.203016875832459789e+02;7.356317613730819005e+01;4.970956629504446944e+00
2.278749139076158485e+02;7.344490623176702115e+01;4.646555586632890922e+00
1.263200569341947812e+02;7.464533780624857684e+01;2.066746939591215693e+00
2.287530360769491722e+02;7.347940999464542244e+01;4.633194104750700149e+00
2.293008229727883531e+02;7.338213041488317856e+01;4.651616122125544983e+00
2.293889170703383229e+02;7.260202598147944286e+01;1.073108369739860235e+00
5.021131913947763792e+01;7.565552147535584027e+01;3.188732275521364290e-01
2.184336006120571483e+02;7.338813082604741567e+01;4.497856863668852512e+00
2.297085155317177225e+02;7.267990921721127506e+01;7.269167150206016226e-01
2.307973091895582627e+02;7.294237635697706423e+01;1.046273327575790280e+00
2.339079828522055777e+02;7.349093454995045249e+01;4.651343611366280939e+00
2.338346556676661123e+02;7.249182146817121009e+01;1.121223847026529219e+00
2.348660664357815619e+02;7.246772836958162145e+01;1.082436061899433977e+00
2.473421077774139860e+02;7.293993221248938141e+01;4.504474492276676401e+00
2.379070150285825491e+02;7.325709110747536101e+01;4.554956845080831762e+00
2.378869222032376456e+02;7.250940507950041081e+01;1.173955082772955016e+00
1.032002188050299765e+02;7.521158107438695595e+01;3.285141165212961400e+00
2.408649705704490600e+02;7.303698416026998075e+01;4.565625435269400789e+00
2.427501802470299879e+02;7.308173080278717748e+01;4.675735232144399234e+00
5.027574431742961281e+01;7.596678411709827117e+01;1.525622998488985305e+00
6.485078569039195884e+01;7.563718797719053555e+01;1.415996767819535984e+00
2.039666493221700705e+02;7.303380490225565325e+01;1.184823449813268814e+00
9.042398201324415652e+01;7.509485754919693079e+01;9.155248567951553840e-01
1.979571131116318270e+02;7.312283787875732344e+01;1.203856274431708950e+00
1.140052198078988255e+02;7.492444510731009188e+01;1.550185353848796632e+00
6.236935141124035908e+01;7.560262774537397945e+01;1.015400134335834537e+00
1.143600162678991126e+02;7.462088252108935649e+01;9.666333510397695505e-01
1.193505409450940249e+02;7.507213096185846268e+01;3.381388185630054277e+00
2.443461913508697592e+02;7.264848881998338470e+01;1.906379461207241111e+00
1.278399670044384493e+02;7.460557907740759731e+01;2.029288507100810879e+00
1.358152231101819893e+02;7.450604659718274547e+01;1.558357972286898319e+00
1.593593198927315200e+02;7.439864422208238182e+01;3.479633783554643589e+00
1.628764984047702455e+02;7.407610079893314037e+01;2.570075645920934182e+00
2.019044179544322617e+02;7.316612760937033499e+01;1.472630721091888972e+00
2.020027011510082957e+02;7.415750650175017711e+01;4.033607485776968815e+00
2.129634860587902381e+02;7.361452367153643195e+01;4.540230518625067546e+00
2.331689613155734619e+01;7.618132796290468889e+01;1.957002690741798390e-01
2.228041497583193689e+02;7.357685498367020216e+01;5.031090709326633714e+00
1.048786622449717925e+02;7.467389844805371979e+01;6.468198859742819717e-01
6.685395398066832229e+01;7.561234109811799442e+01;1.812442707868984648e+00
2.248313013277365826e+02;7.348764478329985650e+01;4.870467941483258123e+00
2.247206007649108415e+02;7.352850680227244595e+01;4.675416718923317561e+00
2.279344000541204025e+02;7.288254992449667213e+01;1.574828289992705299e+00
2.303816159269250363e+02;7.352754026477228422e+01;4.979621719398600987e+00
2.303778542540049159e+02;7.259484592717545581e+01;1.529742472719558100e+00
2.078513510598900211e+02;7.364986120203788289e+01;4.639599955306844770e+00
2.308932051259193088e+02;7.254953773789144122e+01;1.436902158660101181e+00
2.384483685160574851e+02;7.335217112385248583e+01;4.867574260856803114e+00
2.446929413743726514e+02;7.256589967977927813e+01;8.174969661715901781e-01
1.986796721191539916e+01;7.638128250360018967e+01;8.135839987186302968e-01
2.037116425670928876e+01;7.637540254549074348e+01;8.697845559163500662e-01
2.070769594187095208e+01;7.631018784589562642e+01;9.233397348634948543e-01
4.450628863183333550e+01;7.613441061925830411e+01;2.100810401496216784e+00
4.494423006988925096e+01;7.609730917293568098e+01;2.064740941007157549e+00
4.937564580775281087e+01;7.593155594134147179e+01;1.436194095110692404e+00
9.432221948235749664e+01;7.574333256521923374e+01;3.818932951039697432e+00
5.886743189894139050e+01;7.563624926356347089e+01;9.885065045097012337e-01
6.032587945047812639e+01;7.566205190839592376e+01;1.395571639245661633e+00
6.137994412639432085e+01;7.566805105477517657e+01;1.519340020642959477e+00
1.245140210865475154e+02;7.462732677118833635e+01;2.018884715059148682e+00
6.189209800365254921e+01;7.564593732939330550e+01;1.463958446257550561e+00
6.278232608743115151e+01;7.544543544661409840e+01;4.342603691436723312e-01
6.290194520147693424e+01;7.562630956289321205e+01;1.489224570773108214e+00
6.337010607040478050e+01;7.560835341647981522e+01;1.450741187881604555e+00
8.946355503898858785e+01;7.566386214552042588e+01;3.435457515734404943e+00
7.890657210224566143e+01;7.551739862487930566e+01;1.495586474715437042e+00
6.389995502393619375e+01;7.561161743093104803e+01;1.484988048183757403e+00
5.890265493047469647e+01;7.575995446740864736e+01;1.811360706215508376e+00
7.246368803114899038e+01;7.586122464997858117e+01;2.884631199429796400e+00
1.989336423832241110e+02;7.305229504254674566e+01;1.149428301105800188e+00
7.275001135529403484e+01;7.586074008856543571e+01;2.894018767580077256e+00
7.689017346477002945e+01;7.517774802205165940e+01;3.926637512199765423e-01
9.465491832260154581e+01;7.573796620785853406e+01;3.824607099825243495e+00
7.741385690309901690e+01;7.518659202237462580e+01;4.689520622569147701e-01
7.787635581863867174e+01;7.565924555694289211e+01;2.933936087482019062e+00
7.889903817374853645e+01;7.566982057094055847e+01;3.002709308521901210e+00
2.299384360344406275e+02;7.280180095535628482e+01;1.496626759225481385e+00
7.990222768235541650e+01;7.512314298200114138e+01;4.747857249363564014e-01
8.034662030625598561e+01;7.513947329440297551e+01;5.263457100169167679e-01
8.154828780287360246e+01;7.561336329840401049e+01;2.990991828670051866e+00
8.984789519225600429e+01;7.564291404820012588e+01;3.377860150728511091e+00
9.037453271164193325e+01;7.563866480808185599e+01;3.345720300421652027e+00
9.136174333128087710e+01;7.564554607569149880e+01;3.428844608450156706e+00
9.186921992662585978e+01;7.509808635383487285e+01;9.036278665492800677e-01
9.286688924091816943e+01;7.509754923869448362e+01;9.017244264295153355e-01
9.278914785658879794e+01;7.562109370238388806e+01;3.410873749589493187e+00
1.954600172803901899e+02;7.314739452737686065e+01;1.338624623456191154e+00
1.139669538387626346e+02;7.466532026004851730e+01;9.633486971559503953e-01
1.183469051038032376e+02;7.462331247740752360e+01;1.381390446940358396e+00
1.202852759828947455e+02;7.466076046335793137e+01;1.434715744162951889e+00
1.214623622063920294e+02;7.465232748930590390e+01;1.472822721430370851e+00
2.103478320248902662e+02;7.366497318070689460e+01;4.989379022807889363e+00
1.134198362568080540e+02;7.529021894594851005e+01;3.458682566372824230e+00
1.233326359219640977e+02;7.461576471418102585e+01;1.366471843964498722e+00
1.269122811325329963e+02;7.497561090878149059e+01;3.398046234517135389e+00
1.274877830292005001e+02;7.469003753669332468e+01;2.436808522463962401e+00
1.353988378539753228e+02;7.455059651387759345e+01;2.336588892928483485e+00
1.313712328998376790e+02;7.461956701715691054e+01;2.325972747818874975e+00
2.429566795911579504e+02;7.248021960604394565e+01;1.390821126585551459e+00
1.328870392269836316e+02;7.455778184524952223e+01;2.063388000524368771e+00
1.058795666305875187e+02;7.465052568318293424e+01;5.655487285415680132e-01
1.332051748439571384e+02;7.457591087018789722e+01;2.406349237203649682e+00
7.740274609166255004e+01;7.563554981327837368e+01;2.880877246249442081e+00
1.373858125725822958e+02;7.478488536970738210e+01;3.454762010067967015e+00
1.374041942311868070e+02;7.465837525826499643e+01;3.416902393349314337e+00
1.618845871043812394e+02;7.417663957122104534e+01;2.917027078415019403e+00
1.238571786820144638e+02;7.457992507405070626e+01;1.402329552816432123e+00
1.623371731347024252e+02;7.417445644465503563e+01;2.938437031088715568e+00
2.274739070012847719e+02;7.300793119135116171e+01;2.121513054416124255e+00
2.013963381500342109e+02;7.317092880233856533e+01;1.461497989057956248e+00
2.133895473254449939e+02;7.360235956866054607e+01;4.892821820411099587e+00
2.194366339506276233e+02;7.355599193469997488e+01;4.960271054574592497e+00
2.198829484030170534e+02;7.359190856242206280e+01;4.979937907307890654e+00
2.203822134694089243e+02;7.347254440133812636e+01;4.625852668122722555e+00
1.288787461593736055e+02;7.470967349463232665e+01;3.105938735019206920e+00
2.278121404419253793e+02;7.264363323757572743e+01;1.026734290072280009e+00
2.289276211170136435e+02;7.260111921082109632e+01;1.420039693043034346e+00
2.314010797992323774e+02;7.251281173766294330e+01;1.435158522626234889e+00
2.363246585653348291e+02;7.313397380671068504e+01;4.611732429573621950e+00
2.384076959494118739e+02;7.313155185360800203e+01;4.594611409093221077e+00
2.404388259965561474e+02;7.311793827497416487e+01;4.932103604261865115e+00
2.424096002105883940e+02;7.307011281984313200e+01;4.966367305473718297e+00
1.981845460117140689e+01;7.618390277943794331e+01;3.312456003920408176e-01
2.459001363127410400e+02;7.248455513987663323e+01;2.044595294710492173e+00
2.034277078982799125e+01;7.618776090098840825e+01;3.913149103028857323e-01
2.095577627114360197e+01;7.619472250656785661e+01;4.658608773425306215e-01
2.141863527809367795e+01;7.618324404706949338e+01;4.640236883026925829e-01
7.526391955622388252e+01;7.568121915706659308e+01;2.816318269171509403e+00
7.636908687409606955e+01;7.517354019635033069e+01;4.236889712962740306e-01
1.946775348577123310e+01;7.619444009068078572e+01;-2.349880332104266334e-01
1.391736316567025540e+02;7.469350838570841233e+01;3.783877234017380964e+00
9.327854675981454591e+01;7.507968597604460115e+01;8.852689658656301974e-01
1.140217815810134852e+02;7.488338417103322797e+01;1.901674316512494300e+00
1.148444298023452745e+02;7.515709800026357357e+01;3.439698486151008261e+00
2.418949622174918659e+02;7.306613312395485593e+01;5.012779517357178527e+00
1.193701934643360261e+02;7.465267192214056990e+01;1.381161218978656846e+00
1.223779763060595087e+02;7.457749425638328944e+01;1.450513827526699107e+00
1.247924154909034229e+02;7.464556830984498959e+01;1.949095929598039900e+00
1.283895819204334998e+02;7.458755688294482411e+01;2.016359218845644286e+00
1.328615755536673362e+02;7.457554170890510647e+01;2.416836846450121090e+00
1.383345859296850335e+02;7.453134142491457226e+01;2.070744251530498126e+00
1.343314674544884042e+02;7.454853425520789756e+01;2.036896164018197286e+00
1.579959371837015283e+02;7.409070839792303786e+01;2.035782555936368254e+00
1.585069468761922451e+02;7.411077003544832564e+01;2.377109699272155652e+00
1.593073104596313669e+02;7.410840152840098938e+01;1.955194916417681172e+00
1.599391257614992981e+02;7.439801633669777914e+01;3.491135459359551607e+00
1.994319034830915598e+02;7.342272305133079158e+01;1.906215761543491594e+00
2.048532584628169388e+02;7.384519470605026470e+01;4.997438776551852868e+00
2.083210097606643103e+02;7.388153800683410566e+01;5.472670322861234560e+00
2.113160056681779793e+02;7.366834887317264702e+01;4.876774262986451447e+00
2.278411077790424599e+02;7.349610428403013884e+01;5.317618490144565335e+00
2.323464096285040057e+02;7.349890459737865456e+01;5.454490723050778200e+00
2.327643702526804077e+02;7.346567625379165634e+01;5.444563259451642878e+00
2.358786356455064492e+02;7.333179081082136008e+01;4.905505332452067435e+00
1.068082792031185875e+02;7.466191627974239964e+01;8.101086871714461290e-01
2.373413963864934431e+02;7.261259918269129798e+01;1.856776653781542663e+00
2.378104417411381348e+02;7.253633469951579116e+01;1.831945791646840460e+00
2.400828186229689720e+02;7.330261790881182549e+01;5.298584400107976933e+00
2.478123416797830600e+02;7.290258226643311446e+01;3.967045225248738038e+00
1.385653436469482926e+02;7.469723371114235988e+01;3.261007313495552395e+00
5.753471524594319675e+01;7.597350431870188459e+01;2.076475749626866207e+00
5.934813545367799037e+01;7.563934591018463038e+01;9.947622119945526142e-01
6.086855466527658365e+01;7.563060769658922311e+01;1.041434655987519609e+00
6.547698580641325350e+01;7.561071907184218333e+01;6.211390830412885089e-01
2.403223295858844892e+02;7.310261307768199401e+01;4.684323646347588799e+00
6.135873126051752280e+01;7.561094981233600265e+01;1.000420289815304287e+00
2.483337871501362315e+01;7.618625286817594144e+01;5.080821237533581503e-01
6.287614073593201169e+01;7.560327344237451541e+01;1.031733945141518394e+00
6.436346238324847491e+01;7.559882637910183689e+01;1.097759617382903174e+00
8.276920822725460880e+01;7.518364518283692632e+01;9.350426128974611562e-01
6.488393296558329837e+01;7.559522638653788817e+01;1.093114701355196505e+00
9.590768502234942616e+01;7.493442709873993124e+01;9.846505568656154228e-01
7.783133832983781986e+01;7.563078544394267055e+01;2.625727336246522547e+00
7.891574905529704154e+01;7.561267738458043652e+01;2.649558318686202174e+00
7.995070109614408693e+01;7.511175160412734897e+01;1.474280205423810219e-01
8.031007057982218100e+01;7.510359529144314195e+01;1.746588151561697388e-01
8.181921914523938710e+01;7.509588815330224065e+01;1.611604122270413886e-01
8.237477645160959128e+01;7.509607359634556190e+01;1.722844085202688003e-01
1.072626338311409881e+02;7.513879150456865830e+01;3.305014416808480515e+00
9.634825333963730998e+01;7.496743269269205712e+01;5.580755151768034272e-01
9.681894034172148622e+01;7.493678957700676335e+01;5.415879327926635955e-01
1.274470593680037211e+02;7.462391716364174954e+01;2.035479534601751794e+00
1.280036692533448388e+02;7.495945063734430391e+01;3.044134087390944821e+00
1.365208771404478796e+02;7.464993301201693043e+01;3.129253361420768265e+00
1.396842251468307552e+02;7.418327726541318157e+01;7.199397037339290151e-01
7.240258171966134171e+01;7.566700594656859380e+01;2.506950583573523073e+00
1.588858178900804887e+02;7.412493219608982997e+01;2.570237798360717196e+00
1.598734305046415329e+02;7.410806540229030759e+01;2.638208880817302759e+00
1.613663321053444406e+02;7.409956598834627073e+01;2.612508266061206008e+00
1.618615582371969595e+02;7.409683457568024778e+01;2.585325056133769284e+00
1.943706268845248815e+02;7.312981462979611536e+01;9.683116002262925903e-01
1.993668578050045141e+02;7.314523543490625457e+01;1.196840275751250848e+00
2.003635378534073368e+02;7.312009870303977266e+01;1.366505440857088471e+00
2.008551002389760356e+02;7.307182678611130200e+01;1.183847148042572073e+00
2.393321946570919465e+02;7.306380630832310885e+01;4.999986232799789043e+00
7.296226627184124425e+01;7.551025992461110548e+01;1.465033201375497862e+00
2.018715644364219486e+02;7.303744266648367045e+01;1.054329481026575754e+00
2.094061149912973860e+02;7.363467044362393210e+01;4.914434873746252208e+00
2.113991147497535792e+02;7.361171549129218761e+01;4.554421300214856139e+00
2.163801535567025667e+02;7.353489584674584023e+01;4.671318358462750453e+00
2.199246705792000398e+02;7.349389485764545782e+01;4.694213201703664851e+00
1.068200173311701917e+02;7.465986059007273923e+01;6.002856298950129954e-01
8.005959131276581786e+01;7.562872132002894432e+01;2.947734492249474147e+00
2.243679717038129411e+02;7.351182626963458233e+01;4.626178419109623796e+00
2.249242762709371561e+02;7.258988973018979607e+01;1.200158810499246220e+00
2.259341782086564763e+02;7.262874422631145421e+01;1.199795103426432696e+00
9.467465836263629342e+01;7.557622435214685197e+01;2.727402387449890497e+00
2.283563357098570350e+02;7.262056883691255393e+01;1.068133420430192215e+00
2.323439888864948841e+02;7.336388118664144997e+01;5.025019558706605771e+00
1.608696409757118886e+02;7.444305815382743674e+01;3.345349785909897289e+00
2.326958195204505557e+02;7.340505535292747652e+01;5.020819356222030017e+00
2.323649762935461922e+02;7.251007076157011966e+01;1.185186785150976085e+00
2.358617069123756380e+02;7.316638691759287383e+01;4.520039884206761727e+00
2.369200892051712799e+02;7.278354410129639973e+01;2.071692893079475795e+00
2.433623888198677037e+02;7.306332972641894230e+01;5.038316696445907183e+00
2.474737785866919353e+02;7.260914017868103087e+01;3.075982395655834534e+00
2.477973302426998146e+02;7.253422751755527997e+01;3.001258543940030776e+00
4.533138577726169416e+01;7.602167506029113042e+01;1.881010207287410418e+00
2.338712721753168182e+02;7.369201964452885534e+01;4.139965461759558707e+00
5.787298428780135851e+01;7.566271676383395572e+01;1.067438563276504215e+00
8.182374548362602695e+01;7.561253258794074839e+01;2.987503131346931351e+00
2.408280375621238534e+02;7.345419132723507971e+01;5.543183813769416268e+00
1.149421089005610384e+02;7.516515318537109636e+01;3.113118869284084322e+00
1.193539596794463904e+02;7.462742295565776374e+01;1.036497842921892065e+00
1.249215478709162568e+02;7.458655199177367479e+01;1.473242720337085032e+00
1.909010483730528449e+02;7.395864875541394667e+01;4.558840197861153243e+00
2.033237489257985260e+02;7.307989560674025142e+01;1.485667787820939667e+00
2.052949105278634931e+02;7.368886763562709064e+01;4.420520708287381417e+00
2.149471689586492573e+02;7.368228494977233822e+01;5.286429834959426977e+00
2.089065095937235128e+02;7.363971309849982561e+01;4.964167018413719212e+00
1.319272739700718944e+02;7.459472230785033275e+01;2.344324485250219858e+00
2.104642382683686606e+02;7.287695343455550301e+01;1.146729653009784355e+00
2.108617433006650970e+02;7.290713356226338249e+01;1.127423439424184881e+00
2.118765976898272640e+02;7.292809837957010188e+01;1.116775824790194882e+00
2.244477135153047698e+02;7.280487525912151625e+01;1.493075273259125035e+00
2.253925757639612470e+02;7.263024883251361530e+01;1.456902598310892083e+00
2.258636038518294527e+02;7.262869130418775399e+01;1.427534781294941713e+00
9.263396147081598997e+01;7.521601765859823274e+01;-3.198721487720295187e-01
2.437904984800539978e+02;7.303605798311842534e+01;5.021555334309036667e+00
2.408335556783141129e+01;7.619226166470127737e+01;7.918298302320192494e-01
5.944503750732191349e+01;7.566510045012924479e+01;1.445842648570868194e+00
1.603718785781120744e+02;7.418035777361953365e+01;2.266847970005053448e+00
7.088988568548754188e+01;7.598766668820891823e+01;2.923958409912288836e+00
7.344379677229288461e+01;7.566408326362315506e+01;2.509826892102911877e+00
8.942636369023836096e+01;7.507079597176397101e+01;5.242940925386608830e-01
8.995299465474083433e+01;7.508782458705887564e+01;8.389391059818925855e-01
9.493254432559012912e+01;7.557349946143988006e+01;3.447500442313679248e+00
9.640930582148209282e+01;7.502721826135750405e+01;9.230097314390489638e-01
2.457820470355584348e+02;7.239977063976978400e+01;1.146335430781952436e+00
1.052764766165210375e+02;7.501206797060947906e+01;2.165304034661073462e+00
1.159445137853570316e+02;7.470071816336522375e+01;1.412636123715028891e+00
5.836257268481527660e+01;7.561991448466092436e+01;6.938381437825555942e-01
1.168162909019085163e+02;7.461594333380391220e+01;1.368908628509496905e+00
2.428158007243451664e+02;7.209622664239452661e+01;5.176624475991119523e-01
1.178753553465678436e+02;7.510138697110031103e+01;3.386133288046600409e+00
1.263983565472825319e+02;7.464804865162381020e+01;2.378443593303950276e+00
1.394544439312539623e+02;7.413961800533775204e+01;9.711894002384907632e-01
1.397163067362436379e+02;7.416550011620799410e+01;1.037942885970000173e+00
9.577406055219110215e+01;7.488767776329956405e+01;-3.057771327652489823e-01
2.193933540986772357e+02;7.266526585478760580e+01;1.173916093208229094e+00
2.035893449118474621e+02;7.320107571689861459e+01;1.948489066437356199e+00
2.355772840537147488e+02;7.311617870294915633e+01;4.585710487131976265e+00
9.090907855314577546e+01;7.567225554399027487e+01;3.391855178259132408e+00
2.244041931180968277e+02;7.279341956150932447e+01;1.840519464320328424e+00
2.433701264712183274e+02;7.317055769990001579e+01;5.410774044156783980e+00
2.474546821843637190e+02;7.263426523776183785e+01;3.399675992824503279e+00
1.254022889145225008e+02;7.494518006140155819e+01;3.090303788768155702e+00
1.318144909475655311e+02;7.455295224939385434e+01;2.012520908502759998e+00
2.113340035768096357e+02;7.291256609011708179e+01;1.093475035021542308e+00
2.433601093705225935e+02;7.329767811071923234e+01;5.129030667251515574e+00
4.574371089896385456e+01;7.607729260048782294e+01;7.044168509783744758e-01
6.287002771096231868e+01;7.575260781738246862e+01;7.495032417946837500e-01
7.028007714211250345e+01;7.556389841557206921e+01;1.188803485953701777e+00
1.385767558577629472e+02;7.479688160835758026e+01;3.841493296482390019e+00
7.589053859935253854e+01;7.581218295780848848e+01;2.109502223499666318e+00
1.337794344779437949e+02;7.468996549619016889e+01;3.146265717291552466e+00
1.060383218242509002e+02;7.491359650043025908e+01;2.028214825331182136e-01
1.396326511208438887e+02;7.440793884066181363e+01;1.989826357904244114e+00
1.239655327097698034e+02;7.451789561501573189e+01;1.000207336078918097e+00
1.933623614876901797e+02;7.335939540826558414e+01;1.381176475880180554e+00
1.273227073809602956e+02;7.491314069521280317e+01;3.024242524498496731e+00
1.059039705368461881e+02;7.517104923353669221e+01;3.125833934508108758e+00
2.248662347441309350e+02;7.263716409426450582e+01;1.446340180794748687e+00
1.989020540503092036e+02;7.396037076938884525e+01;4.741019165713161065e+00
2.138429112512073402e+02;7.381736899103555061e+01;4.560353852782273343e+00
2.143227358140661067e+02;7.361360296233571887e+01;4.630122148533168946e+00
2.163427719259827597e+02;7.383977470151178579e+01;4.572524134415599129e+00
2.289883096848643902e+02;7.270396549159360688e+01;7.655255438008788937e-01
2.392245899357509131e+02;7.248552785004103782e+01;1.082513083460603820e+00
8.194018491128214521e+01;7.517140704474762458e+01;9.152486715568257658e-01
8.275739178976076005e+01;7.522033471452279230e+01;-2.294421081457833633e-01
2.458127938123817273e+02;7.241899745869660876e+01;1.559364113681895203e+00
1.363663620556607441e+02;7.452797307034191476e+01;2.170360013595685977e+00
2.462555192740776135e+02;7.251164557033695246e+01;1.621704133977730056e+00
9.182242520769948158e+01;7.555262587219473858e+01;3.127889061427902462e+00
1.323088593344201342e+02;7.459618903233663900e+01;2.058553541506054962e+00
1.394462155183427114e+02;7.446653869173454154e+01;1.974046281449608697e+00
1.943443084764923867e+02;7.398140398613404045e+01;4.682473474765023624e+00
2.115714943412286289e+02;7.391569959509051557e+01;5.337414736075151822e+00
2.109240705801029492e+02;7.301056417769645179e+01;1.435732786101974634e+00
2.134194795550199331e+02;7.377744423133076168e+01;4.938270757284871415e+00
2.349180947913158093e+02;7.327399923837249673e+01;5.299718562685995060e+00
2.334569419761563438e+02;7.275670338153500438e+01;1.452594567918506385e+00
2.338944005345195478e+02;7.278529988642226556e+01;1.584900755758204216e+00
2.354471466703928684e+02;7.334560683510150625e+01;4.900681659015404534e+00
1.051945593445881144e+02;7.517633931311426920e+01;3.297390143614767677e+00
2.373752950268727204e+02;7.278268466249292601e+01;1.423035577054849288e+00
2.384168467606650381e+02;7.287765419880422257e+01;2.487523807388129171e+00
1.943009927328789672e+02;7.356499144285962188e+01;1.808919991518026293e+00
7.441611638210794410e+01;7.561339497027235268e+01;1.575234128378080412e+00
7.731106697147198759e+01;7.543264049880812649e+01;1.003518236662814367e+00
8.271762997615728352e+01;7.512584854035006288e+01;4.300903181769941130e-01
1.253944481978050050e+02;7.504273730929254782e+01;3.433797981754586282e+00
1.272788558626951101e+02;7.498511418502724268e+01;3.374908438584145465e+00
1.338798190992667969e+02;7.495806782046228989e+01;3.797880715074004598e+00
2.267851321901095787e+02;7.338953331044693584e+01;4.961038699629524373e+00
1.368313575674623905e+02;7.465247166192298778e+01;2.426388811943877677e+00
1.395374743169503233e+02;7.450676276044605117e+01;2.579395436339992020e+00
1.638293168835213862e+02;7.429287407186116354e+01;2.977689253490571897e+00
1.904445990822473789e+02;7.348379826871297382e+01;1.887403618581284137e+00
8.088443798054053957e+01;7.511854982526216418e+01;1.623568382231017349e-01
1.907079237536087248e+02;7.353251052721167014e+01;1.889626770050407245e+00
2.461811617911411929e+02;7.340900606567505804e+01;5.291517023017592081e+00
1.968582128637600590e+02;7.403826049105272489e+01;5.343089266413215910e+00
1.973016512353307235e+02;7.408119882304454507e+01;5.330885414796053823e+00
1.978862273501214304e+02;7.404240792772318969e+01;5.318496032177163713e+00
1.994580152513032658e+02;7.407499680767266170e+01;5.392320042773441457e+00
1.999047960831420312e+02;7.402005239325832520e+01;5.380087608169309199e+00
2.004223960718071851e+02;7.401789697963998549e+01;5.395011095440396254e+00
2.007729935987047156e+02;7.404764590099944144e+01;5.401893961567869162e+00
2.053171087749951766e+02;7.332663301969557779e+01;1.906264934469800831e+00
2.058283623302380647e+02;7.329396889512729274e+01;1.816553195199843485e+00
2.074650094947804746e+02;7.385352427714303758e+01;5.320182650030344185e+00
2.093089254432703399e+02;7.389015263313673643e+01;5.326226942629158856e+00
2.133651100312414997e+02;7.294129739999578987e+01;1.374685575019241046e+00
2.139029717502743040e+02;7.294194484249582899e+01;1.402409656323742704e+00
2.163455803867869349e+02;7.378933546071164074e+01;5.332712213477917018e+00
2.167098126785124919e+02;7.377320111145300530e+01;5.285397465272919426e+00
2.473316595321869329e+02;7.237462854099868537e+01;2.470394390693380959e+00
2.217164547920903885e+02;7.390897755497576327e+01;4.247278910790694084e+00
2.258633520278045239e+02;7.287109523560911839e+01;1.799509478139571739e+00
2.274698797218853485e+02;7.359865276091859698e+01;5.376939028612286897e+00
2.295235725068013721e+02;7.354725727207113550e+01;5.305272433112180330e+00
2.304215331329572223e+02;7.281767537379384692e+01;1.951188087317617947e+00
2.319182034640056145e+02;7.288672206344975280e+01;1.964165221872062661e+00
2.337657708447995901e+02;7.345753559382414721e+01;5.395373257938839373e+00
2.343866717574563836e+02;7.354105314559470230e+01;5.540694809199419701e+00
2.394073451887548458e+02;7.254183439947767909e+01;1.398319296024792324e+00
2.412335265308343821e+02;7.328642317689349284e+01;4.902286067942766223e+00
7.741085509727946601e+01;7.562609897405910431e+01;2.635270138783567084e+00
2.408461643725361512e+02;7.252824193103219841e+01;1.418489345287024861e+00
2.414005909845510587e+02;7.249742651100216051e+01;1.409843123909544138e+00
4.918713883302895340e+01;7.591360029443643498e+01;2.490546340898936173e-01
7.512338023298720202e+01;7.581645098477090983e+01;2.156716140926159486e+00
9.689156180865283829e+01;7.554133164215241436e+01;2.752359896764184466e+00
1.214345905241554533e+02;7.459702243876321859e+01;6.749630073340227021e-01
1.224299882430189967e+02;7.455612473908743709e+01;6.877954009883654463e-01
2.083985956487721580e+02;7.363402412736422775e+01;4.995176664476979944e+00
1.366132136406399695e+02;7.478701575354918418e+01;2.519153243957449551e+00
1.914301278186763682e+02;7.363303528230649420e+01;6.266785518957990186e-01
1.939874626641544921e+02;7.409392057599519887e+01;4.265216355191237874e+00
2.120982170255255710e+02;7.308965842136576896e+01;7.335939882594468830e-01
2.134445271990605875e+02;7.386748284442910517e+01;4.219597621933287357e+00
2.383853373307165953e+02;7.313293512276909780e+01;4.907382525429237141e+00
2.192227288186793430e+02;7.361113924618277338e+01;3.971613945244878430e+00
2.319529850614092652e+02;7.356560140135415793e+01;4.478940482162879988e+00
2.328580277185941441e+02;7.358453944138706504e+01;4.468535601395530854e+00
2.437964653205324908e+02;7.345610320814340355e+01;4.701524239694744978e+00
1.933347128428014017e+01;7.659043129773016290e+01;1.296308077975176110e+00
2.286711683623226676e+01;7.649390870555554045e+01;8.819812309519159399e-01
2.314184049754640284e+02;7.296293806190146825e+01;1.159628545317568760e+00
2.184841863282749443e+02;7.269378991740570939e+01;1.455911668404850756e+00
2.328265635021445803e+02;7.378063367362722147e+01;4.689549252944476443e+00
1.063287299733615328e+02;7.468145804035896163e+01;9.372237377099630340e-01
4.700182698391417802e+01;7.628868241447796095e+01;1.871501125652181630e+00
4.722850761916020446e+01;7.628808192892590512e+01;1.888118592034764731e+00
2.263575982891123601e+02;7.301771368452649824e+01;1.119004646737824071e+00
2.290473035533738653e+02;7.374435663900550253e+01;4.820544751118816862e+00
2.292954401962000190e+02;7.373279682350228370e+01;4.783768412727579467e+00
2.304132210553709683e+02;7.368051080143398224e+01;4.617030557020123105e+00
2.378597548975455993e+02;7.280701171395861593e+01;1.529260712147999746e+00
7.992066271462736893e+01;7.559157997069866042e+01;2.551746842726480669e+00
7.133439627689786278e+01;7.550141675501880911e+01;1.163436223415259541e+00
7.987080333161654266e+01;7.547415833785922246e+01;1.936651158510243942e+00
8.891719246817378064e+01;7.530721370960340266e+01;5.095088088394207348e-01
2.401079704848304175e+02;7.352527390043890421e+01;3.722862175674483520e+00
1.166516071824169813e+02;7.494259260172410109e+01;1.901981091546613323e+00
2.037908942527371323e+02;7.384558070941312735e+01;4.878109084731781842e+00
2.029664129488330673e+02;7.344583996925473457e+01;1.642845566432529214e-01
2.119341551193200530e+02;7.332617189349400633e+01;1.342507621044569666e+00
2.168278155273591210e+02;7.382148650328609563e+01;4.599717911193186737e+00
7.132401213523844774e+01;7.563516809988435341e+01;4.806643539565628176e-01
1.396225891347357617e+02;7.461740968802602936e+01;1.317328343919891065e+00
2.064829373461832915e+02;7.402868155697694874e+01;4.176459970322764725e+00
2.447423917651331919e+02;7.265970053477860802e+01;4.734757404838908501e-01
1.225053744727463965e+02;7.527207534916151133e+01;2.696799783234091308e+00
2.114062780234854131e+02;7.336520108627162529e+01;7.431715862895477143e-01
7.651054308804924631e+01;7.563853836890595517e+01;2.858567158042532252e+00
2.116493382711238098e+02;7.335799356954149175e+01;7.269707215767472475e-01
2.447810458103436702e+02;7.270840771072509767e+01;2.199081060427124645e-01
4.738046819382428509e+01;7.606168051892096571e+01;2.898985778897161802e-02
2.317802813721763755e+02;7.304825486428293857e+01;6.923040271171082560e-01
7.148717566045434069e+01;7.577662356378544928e+01;4.434566069268688349e-01
2.319269073366016300e+02;7.382044921886235045e+01;4.958750978419384836e+00
2.323694263018745403e+02;7.378501662860250576e+01;4.942158411803436735e+00
1.258153529666894883e+02;7.466886937735397112e+01;3.073303743843240898e-01
7.136724936091165716e+01;7.572467691405422840e+01;1.071391345939195078e-01
7.665124701942757213e+01;7.575014761896228777e+01;6.550380669353972340e-01
2.393377090616127418e+02;7.304667329459857683e+01;4.582813438501590397e+00
2.323598278999178888e+02;7.381641365391539011e+01;4.725640362223142432e+00
1.942299852037527330e+01;7.672240356710541676e+01;5.312685775409907718e-01
2.212538637122404737e+02;7.343097654533309537e+01;4.588739634494928055e+00
7.039972925890091915e+01;7.568244556940382495e+01;2.468862132214858729e+00
6.086174749066896794e+01;7.625047615903820031e+01;1.864491212682309662e+00
2.325646078816084810e+02;7.365728971204568154e+01;4.437176527336691656e+00
8.193198908130074187e+01;7.580088026152380110e+01;1.486833345781553684e+00
1.300617102955177131e+02;7.466927597435741859e+01;2.324466404992403756e+00
1.614509470780444929e+02;7.436778919146408384e+01;1.389237622854475163e+00
2.217588562687901685e+02;7.381445149606953748e+01;5.107966396182859192e+00
7.270485954345541302e+01;7.571342693499676102e+01;2.921753683992616146e-01
2.117050658493287472e+02;7.392705953878376590e+01;4.461916469711326272e+00
2.221207950633924213e+02;7.392485761837512825e+01;4.833572007430505302e+00
2.335074108626029101e+02;7.370450150914359710e+01;4.754075540524249632e+00
2.144404033783104779e+01;7.654791723044954210e+01;7.984347065957149159e-01
2.190824853134560257e+01;7.654904296853953838e+01;8.476290447208784107e-01
6.660851311539924779e+01;7.609306005846660526e+01;2.880046217112063101e+00
6.683222703906594120e+01;7.609101180078390314e+01;2.891338524613799699e+00
7.620875008010558815e+01;7.599377322955004388e+01;3.310049443968898331e+00
7.731091585940885125e+01;7.548201142894920679e+01;1.309505337691392546e+00
2.284002104501990971e+02;7.284920651578633510e+01;1.616651726584791726e+00
8.233569200062633797e+01;7.588085581221461950e+01;3.355925225483418206e+00
9.775935239950418065e+01;7.568654522453964262e+01;3.871096986075278856e+00
1.134932485108529789e+02;7.538890104769845379e+01;3.929248351311781740e+00
1.143978331947316178e+02;7.482568234906592863e+01;1.865113997227392906e+00
1.159311772972558146e+02;7.533723860835539199e+01;3.911694252055837318e+00
1.245802333286095660e+02;7.514190971257873741e+01;3.791691128859016047e+00
1.596020034620287049e+02;7.445629460262756538e+01;3.810452674376216375e+00
2.435163469777705529e+02;7.219829598055078179e+01;1.416352047937482483e+00
1.599094687607532705e+02;7.446663296531338005e+01;3.804951556712644845e+00
1.199837137565747440e+02;7.452640179288316347e+01;6.323880205151868328e-01
1.604027350388415698e+02;7.440076172403171029e+01;3.350885283209963372e+00
1.915967147294208814e+02;7.413547623000347642e+01;5.291805929802049668e+00
1.954975924466008337e+02;7.410567098924154550e+01;5.517031229100514800e+00
1.963249038009180651e+02;7.403253565346970788e+01;5.380224028672896175e+00
1.984630493824731730e+02;7.399177400505966773e+01;5.348802917424278824e+00
2.013506322545194962e+02;7.341147807834629191e+01;2.057267651791626850e+00
2.033450224243459559e+02;7.388997789933104343e+01;4.932688229975751959e+00
1.305129702234391686e+02;7.438413361298536586e+01;1.439926994493071044e+00
2.028434221647264337e+02;7.306205973486027005e+01;1.480789415566205802e+00
2.218035309525144214e+02;7.363360222339328232e+01;5.383922472768520429e+00
2.227780001612743206e+02;7.354679615735899745e+01;5.412744508832259882e+00
2.283812029151772265e+02;7.263222098598731691e+01;1.500289307581844866e+00
1.243091404300333664e+02;7.464784535700709966e+01;1.460147349757703550e+00
2.322577354675075583e+02;7.265068511981888832e+01;2.012781841170256047e+00
2.337461384246369107e+02;7.257316819436974242e+01;1.781735343978192665e+00
2.364098448549555656e+02;7.312475100737009370e+01;4.916069557653407252e+00
2.418935050880664619e+02;7.250059469213445595e+01;1.461352010971021631e+00
1.158110786560144589e+02;7.504570137991271395e+01;3.392859828083378382e+00
2.469874091823174354e+02;7.263251532108860431e+01;3.005978257593547198e+00
2.478774304762869463e+02;7.264424829061339040e+01;3.456195501528708025e+00
6.788205271765482962e+01;7.564106069564243739e+01;-4.691247060968437715e-02
7.278709173166460289e+01;7.540658692541217079e+01;8.377289847236293885e-02
9.336601588343916092e+01;7.516810471474602195e+01;-3.085425784263247651e-01
1.228353195183194089e+02;7.478678828162566106e+01;2.376470066810687509e-01
1.918712882648961227e+02;7.439077968903184512e+01;4.065778782561428883e+00
1.303808521848000339e+02;7.502033307244774107e+01;3.503746362918419788e+00
1.953131845610548680e+02;7.362158326612600945e+01;4.156096773421764090e-01
2.007863020613980893e+02;7.357455515955352610e+01;6.389808887599522924e-01
2.074767156261390539e+02;7.415028940910337951e+01;4.157364377526151955e+00
2.084343267423721215e+02;7.411120668012547696e+01;4.038314700279785896e+00
2.122557376409028507e+02;7.402313778151606982e+01;3.911199710593137535e+00
2.143145648779183716e+02;7.394227160293010570e+01;3.671443790192213008e+00
2.137931043986476993e+02;7.327240046059040424e+01;1.940357073400980070e-01
2.258877777218434346e+02;7.374903626014159386e+01;3.663081671252403915e+00
2.267568555373526351e+02;7.309925145059591500e+01;4.066057261893488151e-01
2.278599953094741011e+02;7.304824097042592257e+01;2.387731760015016080e-01
6.916649874298035172e+01;7.603186112206854830e+01;2.924606424745588296e+00
2.284736615440855303e+02;7.301971428640666772e+01;1.446405642282107828e-01
2.291587472624611337e+02;7.303118127467440956e+01;2.615398077497962381e-01
2.345670250735775824e+02;7.290573822898187473e+01;7.752431416096010330e-02
2.353874712741741178e+02;7.291007609150287294e+01;1.693713870134935795e-01
7.578991185740417791e+01;7.563579181006267049e+01;1.800117834841049813e+00
2.357608741107923152e+02;7.289202850582410065e+01;1.085588799177128194e-01
2.362045396647873190e+02;7.291143271707501583e+01;2.456526901595044721e-01
2.368570747608567899e+02;7.289658553010380615e+01;2.249270121586765814e-01
2.373736805892229143e+02;7.288138447991103419e+01;1.908541156711507925e-01
2.421090259031987273e+02;7.270086238435251857e+01;-3.325459489816427472e-01
6.797067592140351167e+01;7.566873954763627808e+01;4.630631762561321363e-01
7.283456897288584742e+01;7.537410840884537322e+01;5.185161810220395573e-01
1.064083598519196698e+02;7.562819613312800016e+01;3.867300109536913943e+00
5.934479709010511783e+01;7.562633937057370304e+01;7.437350239059712376e-01
1.067407252941524547e+02;7.562247063576003825e+01;3.869723187024208588e+00
1.285895669512139534e+02;7.456921343535719870e+01;1.179758649599783382e+00
1.244760188193754260e+02;7.527769823277569117e+01;3.806065646546438419e+00
1.246979622432356081e+02;7.527289493350103555e+01;3.802866664955565579e+00
1.253638509879069574e+02;7.525841098029087561e+01;3.792911085519549808e+00
2.136043086264964685e+01;7.617662194684180577e+01;1.083483789784660756e+00
1.369123506349353363e+02;7.475088840750466090e+01;2.351655968723668888e+00
1.584758869191764745e+02;7.440036991015387002e+01;3.187155327807863703e+00
1.907222716499637158e+02;7.372654597538351595e+01;2.273906361861246950e+00
1.914785940166115950e+02;7.364557866018608934e+01;1.945474953391362671e+00
1.934666178254831266e+02;7.431867649519281827e+01;5.436853054565364829e+00
2.379657366969684631e+02;7.285456591139606530e+01;2.332548892226706805e+00
1.930091708697802915e+02;7.360488700059968892e+01;1.886219523386053032e+00
2.456073856899380132e+02;7.258153536610016943e+01;1.882263522763200969e+00
1.933603614755289470e+02;7.359325998455608442e+01;1.861365518190674528e+00
1.938265769676912100e+02;7.357576290045395240e+01;1.818236095535008534e+00
1.951787542494469108e+02;7.358546721744554020e+01;1.990290639362058522e+00
1.964374730599232635e+02;7.433444613738126350e+01;5.787583940310435437e+00
1.973906933299821844e+02;7.430503605360890163e+01;5.730685029638001637e+00
1.983450525895894430e+02;7.427532789322245321e+01;5.672425699773745222e+00
1.994730084680119262e+02;7.428439042272074744e+01;5.820704925125945728e+00
2.018254316955124068e+02;7.348938859681967983e+01;2.129291548945184687e+00
2.057657733761253667e+02;7.345527411621154101e+01;2.323981269857215093e+00
2.057632555261789378e+02;7.324288465749911836e+01;1.524432378163327106e+00
1.373707792381249817e+02;7.415059590109284215e+01;7.100214236545907553e-01
2.089243454418514148e+02;7.411528953042058276e+01;5.858704244435259945e+00
1.054195438482069846e+02;7.469418811817912740e+01;6.266359214954876355e-01
2.094045929129274555e+02;7.409484247298965442e+01;5.802364969980599696e+00
2.103659492433975515e+02;7.405372246011422988e+01;5.688655259113753360e+00
7.080103339625902947e+01;7.568551367266333330e+01;2.535303100022545220e+00
2.119658874279080862e+02;7.401130014867364082e+01;5.627271836999922172e+00
2.128950656721169992e+02;7.394433733232976635e+01;5.383575013504954043e+00
2.136631549803859116e+02;7.394340562851394338e+01;5.449633166169287612e+00
8.033597337869841226e+01;7.557126680015910836e+01;2.971145230370813017e+00
2.132926221720597368e+02;7.323899233112445017e+01;1.953080555625946291e+00
2.137765556288060225e+02;7.322105631894476119e+01;1.909423068533074641e+00
2.279650877350337055e+02;7.298433726996752569e+01;2.050711155559775900e+00
2.451635956597563393e+02;7.324188448730834011e+01;5.226592632082692091e+00
5.667951445359832263e+01;7.565172759526542734e+01;6.830623752813853589e-01
2.334320894995784670e+02;7.289870755386863266e+01;2.132582984148481131e+00
7.835092318320947413e+01;7.514679092976581387e+01;8.645724033921795004e-02
2.339288200038846526e+02;7.287408137102904959e+01;2.057217491070955973e+00
2.363008041377731274e+02;7.353791603632487295e+01;5.538374537453177204e+00
2.353699601407203943e+02;7.284785905476721268e+01;2.060859628487402340e+00
2.373423854411924765e+02;7.279763504645897854e+01;1.995469652117190629e+00
2.405743597561610159e+02;7.346702830768090564e+01;5.582953114185947641e+00
2.253972052211296102e+02;7.258736256173501999e+01;1.175718726334604947e+00
2.412512652024490478e+02;7.345834628833767965e+01;5.602529545166237135e+00
2.367243923321136663e+02;7.307168542312697923e+01;4.915244026223408724e+00
2.198704902080398824e+02;7.299464582528136702e+01;1.867657394419527161e+00
2.433869884380654014e+02;7.273083341104610611e+01;2.222922690765898324e+00
9.484890902595999762e+01;7.522773771461420722e+01;7.999527477572035972e-01
2.437792643412777238e+02;7.271757707479200405e+01;2.193838354861922024e+00
1.162538059251000107e+02;7.470322566262480279e+01;1.292810985461783302e+00
2.472861205898826142e+02;7.309477450970561563e+01;4.866884155193671013e+00
2.003743251108237189e+02;7.394842434195216185e+01;5.028759897387256039e+00
2.308610992502256920e+02;7.361819198432225164e+01;4.932544000782984384e+00
9.374710395399856111e+01;7.524790740835052816e+01;7.975417123446970624e-01
1.357381163342924140e+02;7.486102545380552442e+01;3.797572595464490330e+00
1.020728782261927705e+02;7.538076201236422946e+01;3.403162647524613060e+00
7.779017190289366113e+01;7.560761110540441621e+01;1.843950845622479795e+00
1.999213942389319527e+02;7.345826139143949263e+01;1.794655629669479557e+00
2.206055880848012123e+02;7.378834004998752505e+01;5.359837992844719068e+00
2.315501929666839089e+02;7.286430505832413473e+01;1.789577372683545997e+00
7.555130028606859582e+01;7.565896385928809309e+01;1.791439211954477084e+00
1.900519125244607039e+02;7.344067568071459107e+01;1.454868225087611711e+00
2.022698333329284708e+02;7.303113045674096782e+01;1.032214897405767218e+00
2.028967209127388003e+02;7.306316795771634531e+01;1.196079443240697593e+00
2.193889152645606657e+02;7.347497620834371901e+01;4.654042842802210700e+00
2.214250658271034240e+02;7.348865634655201973e+01;4.994014416770051312e+00
7.898921593903644123e+01;7.555466009082252299e+01;1.942442687136528567e+00
8.274258191301535703e+01;7.531164436023965436e+01;8.857166453499605296e-01
1.160163105308320155e+02;7.502610240261073216e+01;2.285176998419303995e+00
1.180086996420106686e+02;7.478408392346199207e+01;1.417039366372278231e+00
2.213528173153343914e+02;7.363027268607922338e+01;5.331792455558144184e+00
2.456508880300667670e+02;7.321878031469650239e+01;5.292709187017977435e+00
8.183629029070067418e+01;7.533501484775364077e+01;9.704860861358406421e-01
8.222520354775741680e+01;7.531852548311803730e+01;9.404957368261760431e-01
2.043255272065985082e+02;7.379637967647117591e+01;4.910105635945934743e+00
2.173780027817228699e+02;7.364756208298261697e+01;4.909772689730051987e+00
1.072132506734791804e+02;7.544555213793358917e+01;3.451035359354083010e+00
1.374122458452234525e+02;7.456175932180121890e+01;2.102819326678501799e+00
2.173007204450357222e+02;7.375576238220641301e+01;4.958132458901345352e+00
2.328602450693885260e+02;7.274236257920536275e+01;1.356602517120322204e+00
1.239860448287171977e+02;7.478909506078511527e+01;1.658805831779879503e+00
1.637904692306262575e+02;7.404826136469785069e+01;2.097294060543600569e+00
6.817047550505017739e+01;7.564864823651706160e+01;1.187276738746193328e+00
1.899392294587615595e+02;7.333857082318532150e+01;1.131967554499316631e+00
1.634345870837134385e+02;7.437318466652297388e+01;3.352306140181050775e+00
2.099438835209594174e+02;7.306973136088093668e+01;9.592087027787731257e-01
2.456121553645030247e+02;7.212114333438995573e+01;1.099686555361822027e+00
2.442401278306650454e+02;7.331156002791550463e+01;5.377935364583737332e+00
9.235562933277043385e+01;7.563074798295545520e+01;3.427377954663701765e+00
1.948910322986029371e+02;7.390968177980916209e+01;4.721646352299769589e+00
1.243476320437072928e+02;7.479378773808797121e+01;1.538942862666950129e+00
2.380956728230171962e+02;7.319035432904709637e+01;4.222158817250276641e+00
1.163739004333301494e+02;7.509390334664325906e+01;3.149322280120188555e+00
1.585070076399771324e+02;7.438208588471638905e+01;3.459999406273442712e+00
2.294855553291890544e+02;7.283478356279600519e+01;1.504650076298302830e+00
2.469893169415665852e+02;7.272874661034707344e+01;2.832930517327093778e+00
6.782261806806771176e+01;7.557033003447348563e+01;1.175633251258974887e+00
1.139390338375414444e+02;7.459758952254568953e+01;6.406202273085286336e-01
1.149439327723354438e+02;7.457527733133183290e+01;6.349051195598185426e-01
1.158149932312070121e+02;7.462982658687791115e+01;6.535091071079622838e-01
1.159022649525501976e+02;7.504366397762429131e+01;3.143272186667224410e+00
2.061553484255776709e+02;7.302514382867455822e+01;1.044397244284638759e+00
6.048206078801410257e+01;7.571094308339455381e+01;1.823797009629642085e+00
2.013674740267861978e+02;7.305399484500546237e+01;1.122169203225694911e+00
5.912696128210006918e+01;7.575839844631870790e+01;1.823799803455180113e+00
2.254487332154498063e+02;7.345275498406707015e+01;4.773563744426618349e+00
6.041054857379032939e+01;7.563789305917950401e+01;1.065769449109005951e+00
1.135706082052885222e+02;7.465213468495073812e+01;6.330037337398777275e-01
1.134570657656812216e+02;7.462691948296040323e+01;8.593709574127785800e-01
1.155889236912035898e+02;7.510790020090557562e+01;3.202515002674415800e+00
1.267245593882726240e+02;7.462381171878264752e+01;2.047402559231197294e+00
1.938707563460887684e+02;7.319039281223057003e+01;6.725353038911559000e-01
2.003733794784187978e+02;7.309895914791117377e+01;1.189114593079030113e+00
2.159174650178376282e+02;7.353796213391542835e+01;4.664885331789621503e+00
2.347359560268362202e+02;7.256707330101401965e+01;5.413948224207714155e-01
2.388811009264703671e+02;7.305077751328848024e+01;4.542393533107992987e+00
2.413072551211042196e+02;7.292020584881450418e+01;4.236391573031344393e+00
5.839411807380413677e+01;7.563884474047968354e+01;9.799966627536900177e-01
7.839105953133785931e+01;7.564469146051065707e+01;2.908814274727285820e+00
1.038600776659279177e+02;7.468299232967719092e+01;6.308984968932442872e-01
8.040637624371878189e+01;7.561260381709341516e+01;2.690213913844626159e+00
1.377774221791961793e+02;7.462502740864361783e+01;3.114382322318146379e+00
1.907851501960291500e+02;7.402825316849319393e+01;4.874983661901799437e+00
1.934071595193477435e+02;7.316005277065769974e+01;9.756636334624322338e-01
1.988765811998151491e+02;7.312898664939470450e+01;1.413251803996468992e+00
2.476924859114343178e+02;7.294545862487890986e+01;4.521103947454541583e+00
6.828841940478649519e+01;7.565980891287146903e+01;2.078699491487177031e+00
7.080191110988782555e+01;7.555792892190474674e+01;1.890030799549528462e+00
7.552036334216333557e+01;7.516904284257152824e+01;4.278000332527842065e-01
7.894938585887200588e+01;7.569419642980582807e+01;3.279671858434153986e+00
8.084456168147248434e+01;7.516751715282477164e+01;8.874608641818680921e-01
9.191497651843626215e+01;7.562145066327032339e+01;3.455253383467081996e+00
1.071319821475483565e+02;7.466264071078634856e+01;8.204032522641103720e-01
1.155261393242047916e+02;7.501368772738861423e+01;3.356596985464868510e+00
1.378252342820721879e+02;7.419411065501300584e+01;1.082952222222517191e+00
1.593883906063711606e+02;7.410271286647110855e+01;2.568799801805368599e+00
1.913765972733539229e+02;7.314364465184897313e+01;1.154947297036839959e+00
1.924395027333594612e+02;7.316260561268578044e+01;1.336250797768418819e+00
1.953956165120307844e+02;7.312513753793359683e+01;1.169569920235916216e+00
1.958279649943024765e+02;7.315434257422870701e+01;1.319140398506427392e+00
2.244923348595101800e+02;7.259312213945010228e+01;1.239163516954716604e+00
2.474228197390396815e+02;7.270114327410936994e+01;4.135166862317020353e+00
2.262993997257566434e+02;7.255210881115844757e+01;1.141189148973976719e+00
2.283581706660153827e+02;7.316893478734219514e+01;4.654969525941475617e+00
2.357591024868753777e+02;7.301126099432352134e+01;4.216086613448760012e+00
2.409833829198771014e+02;7.217650022618363437e+01;6.213856218445092949e-01
2.468923092466528715e+02;7.238126235230879502e+01;2.150956244906399473e+00
1.950233737295778269e+02;7.405441662838438788e+01;5.285349758190680980e+00
5.650947123004487338e+01;7.566085601458469512e+01;5.647677293240588314e-01
7.396898117799453587e+01;7.565578410370100926e+01;2.470107925386331171e+00
7.538224128692070281e+01;7.563775802298737005e+01;2.527158801599922899e+00
7.686584843504981279e+01;7.562598490048171129e+01;2.637589803636875008e+00
1.234801652458177870e+02;7.467124481678590087e+01;1.918965318664170194e+00
1.373635193964764767e+02;7.417969555370257240e+01;9.337527785511310352e-01
1.589196016443358985e+02;7.413672494703337179e+01;2.888768275947649844e+00
1.908666745359004153e+02;7.315158766344282526e+01;1.182179927006713926e+00
1.918589788794773767e+02;7.318634834434277536e+01;1.355527902218158776e+00
1.919246290620966420e+02;7.314867016724701898e+01;1.126650440901686201e+00
1.923859524962327612e+02;7.318141826857670651e+01;1.071283243457805678e+00
2.029234316126698161e+02;7.363769272999159909e+01;4.603453746258436396e+00
2.079059010648892354e+02;7.364695993248052730e+01;5.003209043658774391e+00
2.199649491315989565e+02;7.266844094350250316e+01;1.457286749632328293e+00
2.243827554421410468e+02;7.262861059329698321e+01;1.409623199757003009e+00
2.262647344592660943e+02;7.263058712726902399e+01;1.410223748877472927e+00
5.692561142131959429e+01;7.567367493287115110e+01;1.301313714999916105e+00
7.595318499585401639e+01;7.562818240462615904e+01;2.829909873802111342e+00
8.037239225190339198e+01;7.517629249235694999e+01;8.812807658037569158e-01
1.587301402727043182e+02;7.419630123734418703e+01;3.423836221711320071e+00
1.048898131510450611e+02;7.467411008758206492e+01;7.890744142143700790e-01
1.054764677892446230e+02;7.466348481128738968e+01;7.908204039708941480e-01
2.107808890312293499e+02;7.325954940040236352e+01;1.355100280244201816e+00
1.364453307746423150e+02;7.415954639117614988e+01;1.032050971083923407e+00
1.380176796954628173e+02;7.419910341027156164e+01;1.354697905277751913e+00
1.382802665790109131e+02;7.417465303090182260e+01;1.360703079236582402e+00
1.899652455287410930e+02;7.316836427494713746e+01;1.122606212858592523e+00
1.903419606884611142e+02;7.316230111543038106e+01;1.147581646013729140e+00
2.134481453823737240e+02;7.270690000643715223e+01;1.023087284820344056e+00
2.280209773511901972e+02;7.318367459650623630e+01;4.746304642776193461e+00
5.738003980256976888e+01;7.567374040000093771e+01;1.068480190661870610e+00
1.021008550575463119e+02;7.520521687050441528e+01;3.003767893133249878e+00
1.071991027335550797e+02;7.511448414645988692e+01;3.005945802151691382e+00
1.339678108222922219e+02;7.439096004419245389e+01;2.016915988173610064e+00
1.350367608460384758e+02;7.417416274160005685e+01;1.039057696452745372e+00
1.586013868824942108e+02;7.419360542037952655e+01;3.212587337735328230e+00
2.017946276343042200e+02;7.370134906334962466e+01;4.795625305135513550e+00
2.348796600020190795e+02;7.245456282920892477e+01;1.366136358616757862e+00
7.430638211176126617e+01;7.517403788546690180e+01;3.726594397255577618e-01
2.263255723952856613e+02;7.342873783858087222e+01;5.083781687227605595e+00
7.787944712992221241e+01;7.514524851003245942e+01;4.599464074533214930e-01
1.309005240571360673e+02;7.467000717804316423e+01;3.199659065372796984e+00
2.187633827690575856e+02;7.269391012865706614e+01;1.573510078897783382e+00
2.195117412928457554e+02;7.267658817187796672e+01;1.547411670071223933e+00
2.239851550008961283e+02;7.264695966864398713e+01;1.427318595184119188e+00
2.366172443162122931e+02;7.309676793928910854e+01;5.279982375184095744e+00
2.378947753322325980e+02;7.312645931585403503e+01;4.944029374154453649e+00
2.438341482881915212e+01;7.618721387251427757e+01;4.736200732190347651e-01
5.001949657384337655e+01;7.598531948188319518e+01;1.874555327375099223e+00
6.829343222489782761e+01;7.567470161473097789e+01;2.285436842689557935e+00
1.927845952837144239e+02;7.315325412511153047e+01;1.368434611750039442e+00
6.874049890472021218e+01;7.567061643184173647e+01;2.307483733747357491e+00
7.186033686494948824e+01;7.520165277054753972e+01;2.432145493831093519e-01
7.488052026752315271e+01;7.512770719613952508e+01;9.765221585925931702e-02
1.054240393219964602e+02;7.480287274430625644e+01;1.434663806141756481e+00
1.899891635848924238e+02;7.317820907962777710e+01;1.314661671000035836e+00
1.906957566222637297e+02;7.316073116781930707e+01;1.294004276934118014e+00
1.963927560804950474e+02;7.311744007552411517e+01;1.369906954679556588e+00
2.011926079146334416e+02;7.368391935675566629e+01;4.929453476960055092e+00
2.288507999380309741e+02;7.253432823133941554e+01;1.776851895184015540e+00
2.299222230695337714e+02;7.257017599323826573e+01;1.842792343115966958e+00
2.302597999272290963e+02;7.261341390064751522e+01;1.819618440361073120e+00
4.998537513648589936e+01;7.567851502966907162e+01;3.974482390369928342e-01
7.391009099076882194e+01;7.558432411093951941e+01;2.198518371326291465e+00
1.063458567502854493e+02;7.519858619923709853e+01;3.193288423236205098e+00
1.138602233097735450e+02;7.508590745171366621e+01;3.199421838817746000e+00
2.267501661617775710e+02;7.250879478177671444e+01;1.159393097448278898e+00
2.366648888447930403e+02;7.308237764937595671e+01;4.759271040111379136e+00
8.288368580297752430e+01;7.561531604604508061e+01;2.962088806546676167e+00
1.067439491697710849e+02;7.467399021984851970e+01;7.183150130778583053e-02
2.188284954742516959e+02;7.298613657757948658e+01;1.839530686329138742e+00
8.941983282412886069e+01;7.553182635760927610e+01;3.041855269552745433e+00
2.432268641472661557e+02;7.318710904977361054e+01;4.745523427196608246e+00
7.866421933676753042e+01;7.520763691158599329e+01;6.814755378331366353e-01
1.984877574804501421e+01;7.616962494846768550e+01;9.298792210114092960e-01
2.031415497111724733e+01;7.617184315933661765e+01;9.774886986639526043e-01
2.286978081805954943e+01;7.618302324493888023e+01;1.233927915929091235e+00
2.321777114850511481e+01;7.618441661974527790e+01;1.268201199070178475e+00
2.437683089507686418e+01;7.618882185873007984e+01;1.381177081041408572e+00
2.484010909721627058e+01;7.619049227764837440e+01;1.425881761149274007e+00
5.777034067402873063e+01;7.575652702426560836e+01;1.839032913981615058e+00
6.487353555197094579e+01;7.563605833665484113e+01;1.793800538050518867e+00
6.643947062985984076e+01;7.562070292376020575e+01;1.839861621939408831e+00
7.709168163921995642e+01;7.534239430377098756e+01;1.283606499903220843e+00
1.174151879956801849e+02;7.472394754996774680e+01;1.428749581050496431e+00
1.189584790653047435e+02;7.469159815848638573e+01;1.399418694616947789e+00
2.141488946644788314e+02;7.285158207069102332e+01;1.054299088913397631e+00
2.384876832211075453e+02;7.269841590608957915e+01;7.223413003717247260e-01
2.148692160694052973e+02;7.384900358869246872e+01;4.837886254311445811e+00
2.201866834664163832e+02;7.292982642713477048e+01;1.447906188950784268e+00
2.380930752320101931e+02;7.332747810373936659e+01;4.836540721643114438e+00
2.109510301092384452e+02;7.310523005667111818e+01;1.833795940044628869e+00
1.616278030443477860e+02;7.411023156851567251e+01;1.792772325259039734e+00
9.646766154808342719e+01;7.516560293682132965e+01;1.373310573083387887e+00
1.988142587104771906e+02;7.396991427102474859e+01;5.373220112469870635e+00
2.188884153379446502e+02;7.349700400068863360e+01;4.906681102269024208e+00
1.249868029768955466e+02;7.466765967002024240e+01;1.139149125576628396e+00
1.631045546775519881e+02;7.414001570980511246e+01;2.272719352977148777e+00
2.189979054462909289e+02;7.287262604836601554e+01;1.192910709479152898e+00
2.482048701069284675e+02;7.291361352460059209e+01;4.109943066516863475e+00
2.482395792845409233e+02;7.295759828457438800e+01;4.535953094367529026e+00
6.343024503626073596e+01;7.562689865581239701e+01;3.583363770497020040e-01
2.481574147859208495e+02;7.268419832493644606e+01;3.412474331968817776e+00
2.143729494778191338e+02;7.354189572693218224e+01;4.232443864435825986e+00
2.481413024308581612e+02;7.271127779265509616e+01;3.234516898265111351e+00
2.210336993011343623e+02;7.358202575218055586e+01;5.418918990234186772e+00
2.307565608711138907e+02;7.271876060636554939e+01;1.961869807325004045e+00
2.327753346861739203e+02;7.319799956407389629e+01;4.729231042060512813e+00
4.384353285647514298e+01;7.606817739174685755e+01;1.402808755755521553e+00
4.418445871111362777e+01;7.606725142391016448e+01;1.430214568730695968e+00
1.353953561372232457e+02;7.467183585414201730e+01;3.076391750195578645e+00
1.983293349675885509e+01;7.617642771407766134e+01;-2.018027266549859283e-02
2.086810575729412776e+01;7.619873501822485196e+01;-1.896620940604160088e-02
2.385281028818448235e+01;7.619581549108838203e+01;2.429933035747647296e-01
8.157095639760343886e+01;7.561067709175149787e+01;2.754452178106184590e+00
8.277687774051155145e+01;7.557833145934196750e+01;2.632939616145701489e+00
1.387872403190355328e+02;7.420351404679603036e+01;9.945450528445856087e-01
4.922269242579696424e+01;7.601976576990684009e+01;1.839632804359561336e+00
1.212252134862532671e+02;7.469273251748899156e+01;1.859573404037590194e+00
1.760822460332096995e+01;7.618466578376579434e+01;-1.886796652468339386e-01
1.784133952260180322e+01;7.618551501255649328e+01;-1.627485167633700713e-01
2.536765550689707283e+01;7.619908289874958029e+01;6.171254474575761373e-01
2.042039288882563710e+02;7.370019750487941224e+01;4.713081366675879735e+00
7.266781468414637857e+01;7.566850257652545508e+01;2.549159473653454633e+00
7.559887615665540750e+01;7.513524459189648042e+01;-1.345127267121697806e-02
8.181817129492795004e+01;7.556561570044466691e+01;2.743478879669202009e+00
1.308649690941201698e+02;7.438144913079007381e+01;1.253434467485237347e+00
1.353369356800118624e+02;7.469763810516096214e+01;3.392682171383581302e+00
2.428247855427046318e+02;7.215640336372749175e+01;8.485429468355404348e-01
2.490605877734016360e+01;7.616884623310772895e+01;8.076458358427647255e-01
2.525320870417731456e+01;7.616932026099526354e+01;8.422171485334655205e-01
7.704115366738763271e+01;7.519814481233166248e+01;8.372056535303283864e-01
1.028842365721982759e+02;7.470376141924083413e+01;7.863954530396907172e-01
1.338423778968662532e+02;7.467216501455010302e+01;3.478602043362528207e+00
1.357818455864423015e+02;7.418788135154150609e+01;1.283877258478693273e+00
1.585043310824480045e+02;7.420336970483077721e+01;3.437978343518832691e+00
2.350883340132853334e+02;7.306495760801810491e+01;4.937672070926612200e+00
7.837567509023949697e+01;7.518921937580998360e+01;8.927465948347172997e-01
1.028920199026593281e+02;7.470675424243340501e+01;7.637994209415475133e-01
1.364028672435281919e+02;7.459630176032922577e+01;3.313821572706658003e+00
2.319160733982835723e+02;7.312869175584069126e+01;4.857463743193788375e+00
2.177806235909543204e+02;7.278708156838239063e+01;1.120586122632301507e+00
1.290760212183506610e+02;7.470777545256586905e+01;2.770626362624096117e+00
2.181530905181634807e+02;7.275297298550282221e+01;1.054015536549470111e+00
6.143801366813574560e+01;7.561274511640952767e+01;7.702847878794831793e-01
2.179498713523065874e+02;7.293449477622984034e+01;1.380456126729563859e+00
6.200364274158184941e+01;7.570113615605461632e+01;6.426022614205824102e-01
1.396858946525274519e+02;7.450201913330106152e+01;6.618512991664946554e-01
1.909369831555978010e+02;7.365082849505171225e+01;7.649323336159554731e-01
2.023539256938425126e+02;7.410312539263578913e+01;4.088895890822769275e+00
2.034763991058793238e+02;7.409946453003323086e+01;4.168194852818846385e+00
2.038330320095555805e+02;7.408518505440113699e+01;4.125939642388807727e+00
2.165580493711148335e+02;7.389760209164167293e+01;4.273703801118470480e+00
2.182378169859014463e+02;7.316526603486458669e+01;6.545459546458667344e-01
2.204643748039082993e+02;7.381684141252614495e+01;4.199880653468680336e+00
2.476212937479588447e+02;7.328066610713260332e+01;3.816639532816092473e+00
